complaint_id,question_id,question,narrative,label
13326076,employee_admitted_error,Does the consumer say a company employee admitted that the company made a mistake?,"On XXXX XX/XX/year> I accidentally transferred funds from selling stock in my XXXX investment account to an old, inactive Chase account due to the account not being labeled properly. I paid extra to have the money transferred instantly. I checked my XXXX checking account and the funds were not there, so I looked at the Robinhood account again and could barely figure out what account the funds were sent to. There was only the accounts last XXXX digits in the description, no bank name. I searched the XXXX digits in my email and came up with an old Chase checking account statement, XXXX I thought had been closed. It had been 5 years since I opened the account, no longer had the debit card, and was unable to login to the account because the account was locked. I contacted XXXX customer service to try to initiate a reversal, but they told me the funds had already been released to Chase bank. They told me to contact Chase. I had such an horrible experience just getting into my account, no matter what information I gave ( including my full SSN, phone numbers, addresses, emails, pictures of my drivers license ) they were not able to verify my identity and if you get a question wrong XXXX time, they will tell you to call back in XXXX hrs. XXXX ex military, so I have move a significant amount of times and had different phone numbers and addresses at every overseas duty station I was at, so it was nearly impossible for me to figure out which address or phone number was on this old account without being able to login to my account. The Chase reps kept suggesting I physically go into a branch with my ID to recover my account in person. This is also not possible as I am living overseas in XXXX XXXX and there are no Chase Bank branches in the country. After calling XXXX times and getting nowhere with customer service or the escalations team, I deleted and redownloaded the Chase app and uploaded a photo of my drivers license and finally gained access to my online account. It would not allow me to update any of my profile info. It also would not allow me to initiate a transfer of my money from my Chase account in my name, to my XXXX account in my name, neither via XXXX nor a regular bank transfer. But I was able to get the full account number and address used on the account to finally get somewhere with customer service. It kept locking me out of my account for suspicious activity. 

On XXXX XX/XX/year> I spent the XXXX day on the phone with various Chase Customer service representatives. XXXX locked out of my account, being denied help due to identity verification reasons, and being denied that my account was even open ( why was money accepted via transfer to a closed account? ), being told to call back again later, being hung up on, I asked for the Chase XXXX XXXX phone number and was denied. XXXX rep told me to call the international number and accept ownership for my account to reactivate it, so I did. The phone prompt told me my account was active. I again tried to initiate the transfer, but the transfer was put on hold due to unusual activity I called customer service yet again and was told that the transfer was approved and would be in my account by XXXX XX/XX/year>. This was much longer than I was able to wait for these funds at this point, but what choice did I have? 

On XXXX XX/XX/year>, I woke up to an email saying my transfer was not completed due to a problem with my account. At this point I was beyond livid. Why is my money being held XXXX by this bank? Why is a transfer of my funds being accepted by a closed/inactive bank account instead of rejected/reversed, then XXXX not able to withdraw the funds on the same day or transfer them from a bank account in my own name to another external bank account in my own name. I contacted customer service yet again, and was told that it was because my account was closed when I had just reactivated it as instructed the day before and initiated the transfer the same day. This is unacceptable. I have scheduled a telephone meeting with Chase XXXX XXXX on XXXX XX/XX/year>, but the way that things have gone up until now and it has been a full week of me trying to access my funds in this account I am not hopeful that meeting will be successful either. I want to submit a formal complaint and insist that my money be returned to my Robinhood account, or my account be unlocked so that I can electronically transfer my money to my active XXXX checking account, which is already added to my Chase account. No I can not accept a check because we can not send/receive mail in XXXX XXXX XXXX I can not submit forms or requests in writing. It is 2025, if the transfer was accepted into the bank account electronically, then it should be able to be subsequently transferred back out electronically. 

Because of this bank withholding my money from me for a whole week, I have been charged multiple late fees and NSF fees from the XXXX account I attempted to transfer to, costing me over {$120.00} in fees and wasting a {$30.00} instant transfer fee because I was attempting to get my money right away to pay my bills that were due. Im in a XXXX XXXX with a XXXX XXXX without a way to access my own money to buy groceries and things that we need to survive. This should never have been this complicated. Ive hit XXXX XXXX block known to man just trying to do a simple money transfer and its put me in a significant financial hardship. This should absolutely be illegal.",0
13326076,conflicting_answers,Does the consumer say different company employees gave them conflicting information?,"On XXXX XX/XX/year> I accidentally transferred funds from selling stock in my XXXX investment account to an old, inactive Chase account due to the account not being labeled properly. I paid extra to have the money transferred instantly. I checked my XXXX checking account and the funds were not there, so I looked at the Robinhood account again and could barely figure out what account the funds were sent to. There was only the accounts last XXXX digits in the description, no bank name. I searched the XXXX digits in my email and came up with an old Chase checking account statement, XXXX I thought had been closed. It had been 5 years since I opened the account, no longer had the debit card, and was unable to login to the account because the account was locked. I contacted XXXX customer service to try to initiate a reversal, but they told me the funds had already been released to Chase bank. They told me to contact Chase. I had such an horrible experience just getting into my account, no matter what information I gave ( including my full SSN, phone numbers, addresses, emails, pictures of my drivers license ) they were not able to verify my identity and if you get a question wrong XXXX time, they will tell you to call back in XXXX hrs. XXXX ex military, so I have move a significant amount of times and had different phone numbers and addresses at every overseas duty station I was at, so it was nearly impossible for me to figure out which address or phone number was on this old account without being able to login to my account. The Chase reps kept suggesting I physically go into a branch with my ID to recover my account in person. This is also not possible as I am living overseas in XXXX XXXX and there are no Chase Bank branches in the country. After calling XXXX times and getting nowhere with customer service or the escalations team, I deleted and redownloaded the Chase app and uploaded a photo of my drivers license and finally gained access to my online account. It would not allow me to update any of my profile info. It also would not allow me to initiate a transfer of my money from my Chase account in my name, to my XXXX account in my name, neither via XXXX nor a regular bank transfer. But I was able to get the full account number and address used on the account to finally get somewhere with customer service. It kept locking me out of my account for suspicious activity. 

On XXXX XX/XX/year> I spent the XXXX day on the phone with various Chase Customer service representatives. XXXX locked out of my account, being denied help due to identity verification reasons, and being denied that my account was even open ( why was money accepted via transfer to a closed account? ), being told to call back again later, being hung up on, I asked for the Chase XXXX XXXX phone number and was denied. XXXX rep told me to call the international number and accept ownership for my account to reactivate it, so I did. The phone prompt told me my account was active. I again tried to initiate the transfer, but the transfer was put on hold due to unusual activity I called customer service yet again and was told that the transfer was approved and would be in my account by XXXX XX/XX/year>. This was much longer than I was able to wait for these funds at this point, but what choice did I have? 

On XXXX XX/XX/year>, I woke up to an email saying my transfer was not completed due to a problem with my account. At this point I was beyond livid. Why is my money being held XXXX by this bank? Why is a transfer of my funds being accepted by a closed/inactive bank account instead of rejected/reversed, then XXXX not able to withdraw the funds on the same day or transfer them from a bank account in my own name to another external bank account in my own name. I contacted customer service yet again, and was told that it was because my account was closed when I had just reactivated it as instructed the day before and initiated the transfer the same day. This is unacceptable. I have scheduled a telephone meeting with Chase XXXX XXXX on XXXX XX/XX/year>, but the way that things have gone up until now and it has been a full week of me trying to access my funds in this account I am not hopeful that meeting will be successful either. I want to submit a formal complaint and insist that my money be returned to my Robinhood account, or my account be unlocked so that I can electronically transfer my money to my active XXXX checking account, which is already added to my Chase account. No I can not accept a check because we can not send/receive mail in XXXX XXXX XXXX I can not submit forms or requests in writing. It is 2025, if the transfer was accepted into the bank account electronically, then it should be able to be subsequently transferred back out electronically. 

Because of this bank withholding my money from me for a whole week, I have been charged multiple late fees and NSF fees from the XXXX account I attempted to transfer to, costing me over {$120.00} in fees and wasting a {$30.00} instant transfer fee because I was attempting to get my money right away to pay my bills that were due. Im in a XXXX XXXX with a XXXX XXXX without a way to access my own money to buy groceries and things that we need to survive. This should never have been this complicated. Ive hit XXXX XXXX block known to man just trying to do a simple money transfer and its put me in a significant financial hardship. This should absolutely be illegal.",1
13326076,reason_withheld,Does the consumer say the company refused to tell them the reason for its decision?,"On XXXX XX/XX/year> I accidentally transferred funds from selling stock in my XXXX investment account to an old, inactive Chase account due to the account not being labeled properly. I paid extra to have the money transferred instantly. I checked my XXXX checking account and the funds were not there, so I looked at the Robinhood account again and could barely figure out what account the funds were sent to. There was only the accounts last XXXX digits in the description, no bank name. I searched the XXXX digits in my email and came up with an old Chase checking account statement, XXXX I thought had been closed. It had been 5 years since I opened the account, no longer had the debit card, and was unable to login to the account because the account was locked. I contacted XXXX customer service to try to initiate a reversal, but they told me the funds had already been released to Chase bank. They told me to contact Chase. I had such an horrible experience just getting into my account, no matter what information I gave ( including my full SSN, phone numbers, addresses, emails, pictures of my drivers license ) they were not able to verify my identity and if you get a question wrong XXXX time, they will tell you to call back in XXXX hrs. XXXX ex military, so I have move a significant amount of times and had different phone numbers and addresses at every overseas duty station I was at, so it was nearly impossible for me to figure out which address or phone number was on this old account without being able to login to my account. The Chase reps kept suggesting I physically go into a branch with my ID to recover my account in person. This is also not possible as I am living overseas in XXXX XXXX and there are no Chase Bank branches in the country. After calling XXXX times and getting nowhere with customer service or the escalations team, I deleted and redownloaded the Chase app and uploaded a photo of my drivers license and finally gained access to my online account. It would not allow me to update any of my profile info. It also would not allow me to initiate a transfer of my money from my Chase account in my name, to my XXXX account in my name, neither via XXXX nor a regular bank transfer. But I was able to get the full account number and address used on the account to finally get somewhere with customer service. It kept locking me out of my account for suspicious activity. 

On XXXX XX/XX/year> I spent the XXXX day on the phone with various Chase Customer service representatives. XXXX locked out of my account, being denied help due to identity verification reasons, and being denied that my account was even open ( why was money accepted via transfer to a closed account? ), being told to call back again later, being hung up on, I asked for the Chase XXXX XXXX phone number and was denied. XXXX rep told me to call the international number and accept ownership for my account to reactivate it, so I did. The phone prompt told me my account was active. I again tried to initiate the transfer, but the transfer was put on hold due to unusual activity I called customer service yet again and was told that the transfer was approved and would be in my account by XXXX XX/XX/year>. This was much longer than I was able to wait for these funds at this point, but what choice did I have? 

On XXXX XX/XX/year>, I woke up to an email saying my transfer was not completed due to a problem with my account. At this point I was beyond livid. Why is my money being held XXXX by this bank? Why is a transfer of my funds being accepted by a closed/inactive bank account instead of rejected/reversed, then XXXX not able to withdraw the funds on the same day or transfer them from a bank account in my own name to another external bank account in my own name. I contacted customer service yet again, and was told that it was because my account was closed when I had just reactivated it as instructed the day before and initiated the transfer the same day. This is unacceptable. I have scheduled a telephone meeting with Chase XXXX XXXX on XXXX XX/XX/year>, but the way that things have gone up until now and it has been a full week of me trying to access my funds in this account I am not hopeful that meeting will be successful either. I want to submit a formal complaint and insist that my money be returned to my Robinhood account, or my account be unlocked so that I can electronically transfer my money to my active XXXX checking account, which is already added to my Chase account. No I can not accept a check because we can not send/receive mail in XXXX XXXX XXXX I can not submit forms or requests in writing. It is 2025, if the transfer was accepted into the bank account electronically, then it should be able to be subsequently transferred back out electronically. 

Because of this bank withholding my money from me for a whole week, I have been charged multiple late fees and NSF fees from the XXXX account I attempted to transfer to, costing me over {$120.00} in fees and wasting a {$30.00} instant transfer fee because I was attempting to get my money right away to pay my bills that were due. Im in a XXXX XXXX with a XXXX XXXX without a way to access my own money to buy groceries and things that we need to survive. This should never have been this complicated. Ive hit XXXX XXXX block known to man just trying to do a simple money transfer and its put me in a significant financial hardship. This should absolutely be illegal.",0
13326076,wants_money_back,Does the consumer ask to get money back from the company?,"On XXXX XX/XX/year> I accidentally transferred funds from selling stock in my XXXX investment account to an old, inactive Chase account due to the account not being labeled properly. I paid extra to have the money transferred instantly. I checked my XXXX checking account and the funds were not there, so I looked at the Robinhood account again and could barely figure out what account the funds were sent to. There was only the accounts last XXXX digits in the description, no bank name. I searched the XXXX digits in my email and came up with an old Chase checking account statement, XXXX I thought had been closed. It had been 5 years since I opened the account, no longer had the debit card, and was unable to login to the account because the account was locked. I contacted XXXX customer service to try to initiate a reversal, but they told me the funds had already been released to Chase bank. They told me to contact Chase. I had such an horrible experience just getting into my account, no matter what information I gave ( including my full SSN, phone numbers, addresses, emails, pictures of my drivers license ) they were not able to verify my identity and if you get a question wrong XXXX time, they will tell you to call back in XXXX hrs. XXXX ex military, so I have move a significant amount of times and had different phone numbers and addresses at every overseas duty station I was at, so it was nearly impossible for me to figure out which address or phone number was on this old account without being able to login to my account. The Chase reps kept suggesting I physically go into a branch with my ID to recover my account in person. This is also not possible as I am living overseas in XXXX XXXX and there are no Chase Bank branches in the country. After calling XXXX times and getting nowhere with customer service or the escalations team, I deleted and redownloaded the Chase app and uploaded a photo of my drivers license and finally gained access to my online account. It would not allow me to update any of my profile info. It also would not allow me to initiate a transfer of my money from my Chase account in my name, to my XXXX account in my name, neither via XXXX nor a regular bank transfer. But I was able to get the full account number and address used on the account to finally get somewhere with customer service. It kept locking me out of my account for suspicious activity. 

On XXXX XX/XX/year> I spent the XXXX day on the phone with various Chase Customer service representatives. XXXX locked out of my account, being denied help due to identity verification reasons, and being denied that my account was even open ( why was money accepted via transfer to a closed account? ), being told to call back again later, being hung up on, I asked for the Chase XXXX XXXX phone number and was denied. XXXX rep told me to call the international number and accept ownership for my account to reactivate it, so I did. The phone prompt told me my account was active. I again tried to initiate the transfer, but the transfer was put on hold due to unusual activity I called customer service yet again and was told that the transfer was approved and would be in my account by XXXX XX/XX/year>. This was much longer than I was able to wait for these funds at this point, but what choice did I have? 

On XXXX XX/XX/year>, I woke up to an email saying my transfer was not completed due to a problem with my account. At this point I was beyond livid. Why is my money being held XXXX by this bank? Why is a transfer of my funds being accepted by a closed/inactive bank account instead of rejected/reversed, then XXXX not able to withdraw the funds on the same day or transfer them from a bank account in my own name to another external bank account in my own name. I contacted customer service yet again, and was told that it was because my account was closed when I had just reactivated it as instructed the day before and initiated the transfer the same day. This is unacceptable. I have scheduled a telephone meeting with Chase XXXX XXXX on XXXX XX/XX/year>, but the way that things have gone up until now and it has been a full week of me trying to access my funds in this account I am not hopeful that meeting will be successful either. I want to submit a formal complaint and insist that my money be returned to my Robinhood account, or my account be unlocked so that I can electronically transfer my money to my active XXXX checking account, which is already added to my Chase account. No I can not accept a check because we can not send/receive mail in XXXX XXXX XXXX I can not submit forms or requests in writing. It is 2025, if the transfer was accepted into the bank account electronically, then it should be able to be subsequently transferred back out electronically. 

Because of this bank withholding my money from me for a whole week, I have been charged multiple late fees and NSF fees from the XXXX account I attempted to transfer to, costing me over {$120.00} in fees and wasting a {$30.00} instant transfer fee because I was attempting to get my money right away to pay my bills that were due. Im in a XXXX XXXX with a XXXX XXXX without a way to access my own money to buy groceries and things that we need to survive. This should never have been this complicated. Ive hit XXXX XXXX block known to man just trying to do a simple money transfer and its put me in a significant financial hardship. This should absolutely be illegal.",1
13326076,companies_blame_each_other,Does the consumer say two companies are each telling them that the other one is responsible?,"On XXXX XX/XX/year> I accidentally transferred funds from selling stock in my XXXX investment account to an old, inactive Chase account due to the account not being labeled properly. I paid extra to have the money transferred instantly. I checked my XXXX checking account and the funds were not there, so I looked at the Robinhood account again and could barely figure out what account the funds were sent to. There was only the accounts last XXXX digits in the description, no bank name. I searched the XXXX digits in my email and came up with an old Chase checking account statement, XXXX I thought had been closed. It had been 5 years since I opened the account, no longer had the debit card, and was unable to login to the account because the account was locked. I contacted XXXX customer service to try to initiate a reversal, but they told me the funds had already been released to Chase bank. They told me to contact Chase. I had such an horrible experience just getting into my account, no matter what information I gave ( including my full SSN, phone numbers, addresses, emails, pictures of my drivers license ) they were not able to verify my identity and if you get a question wrong XXXX time, they will tell you to call back in XXXX hrs. XXXX ex military, so I have move a significant amount of times and had different phone numbers and addresses at every overseas duty station I was at, so it was nearly impossible for me to figure out which address or phone number was on this old account without being able to login to my account. The Chase reps kept suggesting I physically go into a branch with my ID to recover my account in person. This is also not possible as I am living overseas in XXXX XXXX and there are no Chase Bank branches in the country. After calling XXXX times and getting nowhere with customer service or the escalations team, I deleted and redownloaded the Chase app and uploaded a photo of my drivers license and finally gained access to my online account. It would not allow me to update any of my profile info. It also would not allow me to initiate a transfer of my money from my Chase account in my name, to my XXXX account in my name, neither via XXXX nor a regular bank transfer. But I was able to get the full account number and address used on the account to finally get somewhere with customer service. It kept locking me out of my account for suspicious activity. 

On XXXX XX/XX/year> I spent the XXXX day on the phone with various Chase Customer service representatives. XXXX locked out of my account, being denied help due to identity verification reasons, and being denied that my account was even open ( why was money accepted via transfer to a closed account? ), being told to call back again later, being hung up on, I asked for the Chase XXXX XXXX phone number and was denied. XXXX rep told me to call the international number and accept ownership for my account to reactivate it, so I did. The phone prompt told me my account was active. I again tried to initiate the transfer, but the transfer was put on hold due to unusual activity I called customer service yet again and was told that the transfer was approved and would be in my account by XXXX XX/XX/year>. This was much longer than I was able to wait for these funds at this point, but what choice did I have? 

On XXXX XX/XX/year>, I woke up to an email saying my transfer was not completed due to a problem with my account. At this point I was beyond livid. Why is my money being held XXXX by this bank? Why is a transfer of my funds being accepted by a closed/inactive bank account instead of rejected/reversed, then XXXX not able to withdraw the funds on the same day or transfer them from a bank account in my own name to another external bank account in my own name. I contacted customer service yet again, and was told that it was because my account was closed when I had just reactivated it as instructed the day before and initiated the transfer the same day. This is unacceptable. I have scheduled a telephone meeting with Chase XXXX XXXX on XXXX XX/XX/year>, but the way that things have gone up until now and it has been a full week of me trying to access my funds in this account I am not hopeful that meeting will be successful either. I want to submit a formal complaint and insist that my money be returned to my Robinhood account, or my account be unlocked so that I can electronically transfer my money to my active XXXX checking account, which is already added to my Chase account. No I can not accept a check because we can not send/receive mail in XXXX XXXX XXXX I can not submit forms or requests in writing. It is 2025, if the transfer was accepted into the bank account electronically, then it should be able to be subsequently transferred back out electronically. 

Because of this bank withholding my money from me for a whole week, I have been charged multiple late fees and NSF fees from the XXXX account I attempted to transfer to, costing me over {$120.00} in fees and wasting a {$30.00} instant transfer fee because I was attempting to get my money right away to pay my bills that were due. Im in a XXXX XXXX with a XXXX XXXX without a way to access my own money to buy groceries and things that we need to survive. This should never have been this complicated. Ive hit XXXX XXXX block known to man just trying to do a simple money transfer and its put me in a significant financial hardship. This should absolutely be illegal.",0
14066424,employee_admitted_error,Does the consumer say a company employee admitted that the company made a mistake?,"XX/XX/year> - I was on a run in XXXX, IL. Off of XXXX and XXXX in XXXX XXXX. This was a populated area, near a school. Many people out walking home with their children. 

I was approached by a man claiming he was looking for donations to assist with funeral funds for his younger brother who was killed. I agreed to a {$5.00} donation. They claimed to not take cash but they could do it digitally. He asked for my phone and I gave it to him. Immediately I was distracted with paperwork by his accomplices. I was handed XXXX or XXXX different papers for me to write my name, donation amount, and email address. During this process the man asked for my face ID and held the phone up to my face. When I got my phone back, the people left. I didn't receive a receipt of the transaction. When I looked back at my phone, I noticed my Wells Fargo and XXXX apps were deleted. After signing back into my account- I noticed {$5000.00} was taken out of my WF account through XXXX. This put my checking account into the negative by about - {$4300.00} dollars. There was a follow up charge for {$2500.00} that was declined because of my account being in the negative. This was handled by overdraft protection by transferring the remaining funds from my Credit Card. 

I filed a police report with XXXX XXXX and filed a claim with Wells Fargo. Wells Fargo declined my claim because I didn't have any kind of relevant merchant information or receipts to support my case. I complained that I didn't think a transaction like this should be processed, especially since I didn't have sufficient funds. 

I contacted XXXX and they were not able to give me any transaction information because this was done as a 'guest account '.",0
14066424,conflicting_answers,Does the consumer say different company employees gave them conflicting information?,"XX/XX/year> - I was on a run in XXXX, IL. Off of XXXX and XXXX in XXXX XXXX. This was a populated area, near a school. Many people out walking home with their children. 

I was approached by a man claiming he was looking for donations to assist with funeral funds for his younger brother who was killed. I agreed to a {$5.00} donation. They claimed to not take cash but they could do it digitally. He asked for my phone and I gave it to him. Immediately I was distracted with paperwork by his accomplices. I was handed XXXX or XXXX different papers for me to write my name, donation amount, and email address. During this process the man asked for my face ID and held the phone up to my face. When I got my phone back, the people left. I didn't receive a receipt of the transaction. When I looked back at my phone, I noticed my Wells Fargo and XXXX apps were deleted. After signing back into my account- I noticed {$5000.00} was taken out of my WF account through XXXX. This put my checking account into the negative by about - {$4300.00} dollars. There was a follow up charge for {$2500.00} that was declined because of my account being in the negative. This was handled by overdraft protection by transferring the remaining funds from my Credit Card. 

I filed a police report with XXXX XXXX and filed a claim with Wells Fargo. Wells Fargo declined my claim because I didn't have any kind of relevant merchant information or receipts to support my case. I complained that I didn't think a transaction like this should be processed, especially since I didn't have sufficient funds. 

I contacted XXXX and they were not able to give me any transaction information because this was done as a 'guest account '.",0
14066424,reason_withheld,Does the consumer say the company refused to tell them the reason for its decision?,"XX/XX/year> - I was on a run in XXXX, IL. Off of XXXX and XXXX in XXXX XXXX. This was a populated area, near a school. Many people out walking home with their children. 

I was approached by a man claiming he was looking for donations to assist with funeral funds for his younger brother who was killed. I agreed to a {$5.00} donation. They claimed to not take cash but they could do it digitally. He asked for my phone and I gave it to him. Immediately I was distracted with paperwork by his accomplices. I was handed XXXX or XXXX different papers for me to write my name, donation amount, and email address. During this process the man asked for my face ID and held the phone up to my face. When I got my phone back, the people left. I didn't receive a receipt of the transaction. When I looked back at my phone, I noticed my Wells Fargo and XXXX apps were deleted. After signing back into my account- I noticed {$5000.00} was taken out of my WF account through XXXX. This put my checking account into the negative by about - {$4300.00} dollars. There was a follow up charge for {$2500.00} that was declined because of my account being in the negative. This was handled by overdraft protection by transferring the remaining funds from my Credit Card. 

I filed a police report with XXXX XXXX and filed a claim with Wells Fargo. Wells Fargo declined my claim because I didn't have any kind of relevant merchant information or receipts to support my case. I complained that I didn't think a transaction like this should be processed, especially since I didn't have sufficient funds. 

I contacted XXXX and they were not able to give me any transaction information because this was done as a 'guest account '.",0
14066424,wants_money_back,Does the consumer ask to get money back from the company?,"XX/XX/year> - I was on a run in XXXX, IL. Off of XXXX and XXXX in XXXX XXXX. This was a populated area, near a school. Many people out walking home with their children. 

I was approached by a man claiming he was looking for donations to assist with funeral funds for his younger brother who was killed. I agreed to a {$5.00} donation. They claimed to not take cash but they could do it digitally. He asked for my phone and I gave it to him. Immediately I was distracted with paperwork by his accomplices. I was handed XXXX or XXXX different papers for me to write my name, donation amount, and email address. During this process the man asked for my face ID and held the phone up to my face. When I got my phone back, the people left. I didn't receive a receipt of the transaction. When I looked back at my phone, I noticed my Wells Fargo and XXXX apps were deleted. After signing back into my account- I noticed {$5000.00} was taken out of my WF account through XXXX. This put my checking account into the negative by about - {$4300.00} dollars. There was a follow up charge for {$2500.00} that was declined because of my account being in the negative. This was handled by overdraft protection by transferring the remaining funds from my Credit Card. 

I filed a police report with XXXX XXXX and filed a claim with Wells Fargo. Wells Fargo declined my claim because I didn't have any kind of relevant merchant information or receipts to support my case. I complained that I didn't think a transaction like this should be processed, especially since I didn't have sufficient funds. 

I contacted XXXX and they were not able to give me any transaction information because this was done as a 'guest account '.",0
14066424,companies_blame_each_other,Does the consumer say two companies are each telling them that the other one is responsible?,"XX/XX/year> - I was on a run in XXXX, IL. Off of XXXX and XXXX in XXXX XXXX. This was a populated area, near a school. Many people out walking home with their children. 

I was approached by a man claiming he was looking for donations to assist with funeral funds for his younger brother who was killed. I agreed to a {$5.00} donation. They claimed to not take cash but they could do it digitally. He asked for my phone and I gave it to him. Immediately I was distracted with paperwork by his accomplices. I was handed XXXX or XXXX different papers for me to write my name, donation amount, and email address. During this process the man asked for my face ID and held the phone up to my face. When I got my phone back, the people left. I didn't receive a receipt of the transaction. When I looked back at my phone, I noticed my Wells Fargo and XXXX apps were deleted. After signing back into my account- I noticed {$5000.00} was taken out of my WF account through XXXX. This put my checking account into the negative by about - {$4300.00} dollars. There was a follow up charge for {$2500.00} that was declined because of my account being in the negative. This was handled by overdraft protection by transferring the remaining funds from my Credit Card. 

I filed a police report with XXXX XXXX and filed a claim with Wells Fargo. Wells Fargo declined my claim because I didn't have any kind of relevant merchant information or receipts to support my case. I complained that I didn't think a transaction like this should be processed, especially since I didn't have sufficient funds. 

I contacted XXXX and they were not able to give me any transaction information because this was done as a 'guest account '.",0
16148259,employee_admitted_error,Does the consumer say a company employee admitted that the company made a mistake?,"At all times related to this claim, I was an XXXX at a XXXX XXXX XXXX XXXX and licensed XXXX XXXX XXXX ( XXXX ) Coinbase , Inc. , ( Coinbase ) and held in my account/wallet valuable cryptocurrency assets. Coinbase promotes itself as The most trusted cryptocurrency platform that is guided by Industry best practices and that XXXX stored on our servers is covered by our insurance policy. I was aware of and relied on those representations of security in storing my assets on Coinbases platform. Despite its self-promotion about how secure, reliable, and trustworthy its services are, though, customers assets at Coinbase are at risk of being fraudulently withdrawn -- something of which Coinbase is well aware but has not taken adequate steps to prevent or remedy. 

Coinbase has announced and unannounced breaches of data maintained on, and security of, its platform; leading to a variety of harms suffered by Coinbase account/wallet holders : support scams, penetrations of Coinbases platform leading to XXXX swaps, failure to block blacklisted destination addresses, and account takeovers. Coinbase is responsible for securing its platform and all internal and external cryptocurrency payment rails, which serve as the infrastructure that facilitates the transfer of digital currencies between parties. In this case, Coinbase failed to secure data maintained on its platform and failed to properly verify the authenticity and integrity of the cryptocurrency payment rail ( s ) that transferred cryptocurrency from my account/wallet to the destination address of the recipient of my stolen assets. Coinbases failure to design and implement adequate security measures on its platform and on the payment rails was a material factor in directly and/or proximately causing my loss. Commencing on or about XX/XX/year>, Coinbases falsely advertised, faulty security measures failed me ; and as a result, I suffered the loss of cryptocurrency from my account/wallet that was valued at the time at approximately {$140000.00} ( XXXX XRP )",0
16148259,conflicting_answers,Does the consumer say different company employees gave them conflicting information?,"At all times related to this claim, I was an XXXX at a XXXX XXXX XXXX XXXX and licensed XXXX XXXX XXXX ( XXXX ) Coinbase , Inc. , ( Coinbase ) and held in my account/wallet valuable cryptocurrency assets. Coinbase promotes itself as The most trusted cryptocurrency platform that is guided by Industry best practices and that XXXX stored on our servers is covered by our insurance policy. I was aware of and relied on those representations of security in storing my assets on Coinbases platform. Despite its self-promotion about how secure, reliable, and trustworthy its services are, though, customers assets at Coinbase are at risk of being fraudulently withdrawn -- something of which Coinbase is well aware but has not taken adequate steps to prevent or remedy. 

Coinbase has announced and unannounced breaches of data maintained on, and security of, its platform; leading to a variety of harms suffered by Coinbase account/wallet holders : support scams, penetrations of Coinbases platform leading to XXXX swaps, failure to block blacklisted destination addresses, and account takeovers. Coinbase is responsible for securing its platform and all internal and external cryptocurrency payment rails, which serve as the infrastructure that facilitates the transfer of digital currencies between parties. In this case, Coinbase failed to secure data maintained on its platform and failed to properly verify the authenticity and integrity of the cryptocurrency payment rail ( s ) that transferred cryptocurrency from my account/wallet to the destination address of the recipient of my stolen assets. Coinbases failure to design and implement adequate security measures on its platform and on the payment rails was a material factor in directly and/or proximately causing my loss. Commencing on or about XX/XX/year>, Coinbases falsely advertised, faulty security measures failed me ; and as a result, I suffered the loss of cryptocurrency from my account/wallet that was valued at the time at approximately {$140000.00} ( XXXX XRP )",0
16148259,reason_withheld,Does the consumer say the company refused to tell them the reason for its decision?,"At all times related to this claim, I was an XXXX at a XXXX XXXX XXXX XXXX and licensed XXXX XXXX XXXX ( XXXX ) Coinbase , Inc. , ( Coinbase ) and held in my account/wallet valuable cryptocurrency assets. Coinbase promotes itself as The most trusted cryptocurrency platform that is guided by Industry best practices and that XXXX stored on our servers is covered by our insurance policy. I was aware of and relied on those representations of security in storing my assets on Coinbases platform. Despite its self-promotion about how secure, reliable, and trustworthy its services are, though, customers assets at Coinbase are at risk of being fraudulently withdrawn -- something of which Coinbase is well aware but has not taken adequate steps to prevent or remedy. 

Coinbase has announced and unannounced breaches of data maintained on, and security of, its platform; leading to a variety of harms suffered by Coinbase account/wallet holders : support scams, penetrations of Coinbases platform leading to XXXX swaps, failure to block blacklisted destination addresses, and account takeovers. Coinbase is responsible for securing its platform and all internal and external cryptocurrency payment rails, which serve as the infrastructure that facilitates the transfer of digital currencies between parties. In this case, Coinbase failed to secure data maintained on its platform and failed to properly verify the authenticity and integrity of the cryptocurrency payment rail ( s ) that transferred cryptocurrency from my account/wallet to the destination address of the recipient of my stolen assets. Coinbases failure to design and implement adequate security measures on its platform and on the payment rails was a material factor in directly and/or proximately causing my loss. Commencing on or about XX/XX/year>, Coinbases falsely advertised, faulty security measures failed me ; and as a result, I suffered the loss of cryptocurrency from my account/wallet that was valued at the time at approximately {$140000.00} ( XXXX XRP )",0
16148259,wants_money_back,Does the consumer ask to get money back from the company?,"At all times related to this claim, I was an XXXX at a XXXX XXXX XXXX XXXX and licensed XXXX XXXX XXXX ( XXXX ) Coinbase , Inc. , ( Coinbase ) and held in my account/wallet valuable cryptocurrency assets. Coinbase promotes itself as The most trusted cryptocurrency platform that is guided by Industry best practices and that XXXX stored on our servers is covered by our insurance policy. I was aware of and relied on those representations of security in storing my assets on Coinbases platform. Despite its self-promotion about how secure, reliable, and trustworthy its services are, though, customers assets at Coinbase are at risk of being fraudulently withdrawn -- something of which Coinbase is well aware but has not taken adequate steps to prevent or remedy. 

Coinbase has announced and unannounced breaches of data maintained on, and security of, its platform; leading to a variety of harms suffered by Coinbase account/wallet holders : support scams, penetrations of Coinbases platform leading to XXXX swaps, failure to block blacklisted destination addresses, and account takeovers. Coinbase is responsible for securing its platform and all internal and external cryptocurrency payment rails, which serve as the infrastructure that facilitates the transfer of digital currencies between parties. In this case, Coinbase failed to secure data maintained on its platform and failed to properly verify the authenticity and integrity of the cryptocurrency payment rail ( s ) that transferred cryptocurrency from my account/wallet to the destination address of the recipient of my stolen assets. Coinbases failure to design and implement adequate security measures on its platform and on the payment rails was a material factor in directly and/or proximately causing my loss. Commencing on or about XX/XX/year>, Coinbases falsely advertised, faulty security measures failed me ; and as a result, I suffered the loss of cryptocurrency from my account/wallet that was valued at the time at approximately {$140000.00} ( XXXX XRP )",0
16148259,companies_blame_each_other,Does the consumer say two companies are each telling them that the other one is responsible?,"At all times related to this claim, I was an XXXX at a XXXX XXXX XXXX XXXX and licensed XXXX XXXX XXXX ( XXXX ) Coinbase , Inc. , ( Coinbase ) and held in my account/wallet valuable cryptocurrency assets. Coinbase promotes itself as The most trusted cryptocurrency platform that is guided by Industry best practices and that XXXX stored on our servers is covered by our insurance policy. I was aware of and relied on those representations of security in storing my assets on Coinbases platform. Despite its self-promotion about how secure, reliable, and trustworthy its services are, though, customers assets at Coinbase are at risk of being fraudulently withdrawn -- something of which Coinbase is well aware but has not taken adequate steps to prevent or remedy. 

Coinbase has announced and unannounced breaches of data maintained on, and security of, its platform; leading to a variety of harms suffered by Coinbase account/wallet holders : support scams, penetrations of Coinbases platform leading to XXXX swaps, failure to block blacklisted destination addresses, and account takeovers. Coinbase is responsible for securing its platform and all internal and external cryptocurrency payment rails, which serve as the infrastructure that facilitates the transfer of digital currencies between parties. In this case, Coinbase failed to secure data maintained on its platform and failed to properly verify the authenticity and integrity of the cryptocurrency payment rail ( s ) that transferred cryptocurrency from my account/wallet to the destination address of the recipient of my stolen assets. Coinbases failure to design and implement adequate security measures on its platform and on the payment rails was a material factor in directly and/or proximately causing my loss. Commencing on or about XX/XX/year>, Coinbases falsely advertised, faulty security measures failed me ; and as a result, I suffered the loss of cryptocurrency from my account/wallet that was valued at the time at approximately {$140000.00} ( XXXX XRP )",0
16221913,employee_admitted_error,Does the consumer say a company employee admitted that the company made a mistake?,"pay pal will never refund money. I order from a XXXX XXXX advertiser the video showed a women with a pair of jeans that were the most comfortable jeans ever they were stretching from side to dis and in front. It was a lie. When they finally arrived. They had no stretch no size on them any where. And were not the size I ordered, it had the size hand written on the bag, I ordered an Xl they were no larger than a medium. I asked to return and sent a picture of the tape measure showing that it was no larger than a medium. They refused to take back. I filed a claim and as always was denied. Reason was it was a similar item. Size is wrong not similar. Today I got a page informing me of the pay pal riles which clearly stated false advertising as a reason for refund, I tried everything to appeal but was told no appeals on final denial. Pay pal is a crooked company and needs to obey their own riles. I have been taken many times but there is not doubt about the fact I deserve a refund, stop pay pal from taking advantage of people.",0
16221913,conflicting_answers,Does the consumer say different company employees gave them conflicting information?,"pay pal will never refund money. I order from a XXXX XXXX advertiser the video showed a women with a pair of jeans that were the most comfortable jeans ever they were stretching from side to dis and in front. It was a lie. When they finally arrived. They had no stretch no size on them any where. And were not the size I ordered, it had the size hand written on the bag, I ordered an Xl they were no larger than a medium. I asked to return and sent a picture of the tape measure showing that it was no larger than a medium. They refused to take back. I filed a claim and as always was denied. Reason was it was a similar item. Size is wrong not similar. Today I got a page informing me of the pay pal riles which clearly stated false advertising as a reason for refund, I tried everything to appeal but was told no appeals on final denial. Pay pal is a crooked company and needs to obey their own riles. I have been taken many times but there is not doubt about the fact I deserve a refund, stop pay pal from taking advantage of people.",0
16221913,reason_withheld,Does the consumer say the company refused to tell them the reason for its decision?,"pay pal will never refund money. I order from a XXXX XXXX advertiser the video showed a women with a pair of jeans that were the most comfortable jeans ever they were stretching from side to dis and in front. It was a lie. When they finally arrived. They had no stretch no size on them any where. And were not the size I ordered, it had the size hand written on the bag, I ordered an Xl they were no larger than a medium. I asked to return and sent a picture of the tape measure showing that it was no larger than a medium. They refused to take back. I filed a claim and as always was denied. Reason was it was a similar item. Size is wrong not similar. Today I got a page informing me of the pay pal riles which clearly stated false advertising as a reason for refund, I tried everything to appeal but was told no appeals on final denial. Pay pal is a crooked company and needs to obey their own riles. I have been taken many times but there is not doubt about the fact I deserve a refund, stop pay pal from taking advantage of people.",0
16221913,wants_money_back,Does the consumer ask to get money back from the company?,"pay pal will never refund money. I order from a XXXX XXXX advertiser the video showed a women with a pair of jeans that were the most comfortable jeans ever they were stretching from side to dis and in front. It was a lie. When they finally arrived. They had no stretch no size on them any where. And were not the size I ordered, it had the size hand written on the bag, I ordered an Xl they were no larger than a medium. I asked to return and sent a picture of the tape measure showing that it was no larger than a medium. They refused to take back. I filed a claim and as always was denied. Reason was it was a similar item. Size is wrong not similar. Today I got a page informing me of the pay pal riles which clearly stated false advertising as a reason for refund, I tried everything to appeal but was told no appeals on final denial. Pay pal is a crooked company and needs to obey their own riles. I have been taken many times but there is not doubt about the fact I deserve a refund, stop pay pal from taking advantage of people.",1
16221913,companies_blame_each_other,Does the consumer say two companies are each telling them that the other one is responsible?,"pay pal will never refund money. I order from a XXXX XXXX advertiser the video showed a women with a pair of jeans that were the most comfortable jeans ever they were stretching from side to dis and in front. It was a lie. When they finally arrived. They had no stretch no size on them any where. And were not the size I ordered, it had the size hand written on the bag, I ordered an Xl they were no larger than a medium. I asked to return and sent a picture of the tape measure showing that it was no larger than a medium. They refused to take back. I filed a claim and as always was denied. Reason was it was a similar item. Size is wrong not similar. Today I got a page informing me of the pay pal riles which clearly stated false advertising as a reason for refund, I tried everything to appeal but was told no appeals on final denial. Pay pal is a crooked company and needs to obey their own riles. I have been taken many times but there is not doubt about the fact I deserve a refund, stop pay pal from taking advantage of people.",0
17167916,employee_admitted_error,Does the consumer say a company employee admitted that the company made a mistake?,"I am filing a complaint against Revolut for failure to properly handle unauthorized transactions and for non-compliance with the Electronic Fund Transfer Act ( Regulation E, 12 CFR 1005.11 ). 

Between XX/XX/XXXX and XX/XX/year>, my phone, wallet, ID, and Revolut card were stolen. The thief used my stolen phone, XXXX card, and Revolut app to approve multiple unauthorized transactions totaling approximately {$810.00}, including several charges to XXXX, a hotel, and multiple retail purchases ( XXXX XXXX XXXX XXXX XXXX XXXX XXXX XXXX XXXX XXXX 

I promptly reported the theft to Revolut through their in-app chat, filed a police report, and cooperated with their dispute process. Despite doing everything required, Revolut repeatedly reset my dispute filing dates, closed cases, or marked transactions as not an error. They claimed certain transactions were XXXX Secure verified, but the verification occurred using my stolen devicenot by me. 

This conduct is a direct violation of federal consumer protection law. Regulation XXXX clearly states : > We will determine whether an error occurred within XXXX ( XXXX ) Business Days If we need more time, we may take up to forty-five ( XXXX ) days to investigate. If we decide to do this, we will provisionally credit your Card Account within XXXX ( XXXX ) Business Days for the amount you think is in error. 



( Quote from Revoluts own Consumer Prepaid Cardholder Agreement ( effective XX/XX/year> ). ) Revolut has failed to comply with this requirement. They have not issued provisional credit within XXXX business days of my original report, have not provided written acknowledgment of the investigation timeline, and have instead reclassified the case as a card-scheme dispute to avoid their obligations under Regulation E.

Additionally, Revolut has dismissed or closed multiple related disputes, including the XXXX charges, hotel transactions, and other merchant purchases, claiming no error found or incorrectly filed form. These decisions are inaccurate and negligent given the documented theft of my access devices and identity. 

I am requesting that the CFPB investigate Revoluts handling of unauthorized transactions and enforce compliance with 12 CFR 1005.6 ( b ) ( 2 ) and 12 CFR 1005.11. Specifically, I am requesting : 1. Immediate provisional credit of {$810.00} while the investigation continues. 


XXXX. Reopening and reclassification of all denied or closed disputes related to the theft ( including XXXX  and hotel charges ). 


XXXX. Confirmation that Revolut will handle this case under Regulation E rather than internal card-scheme policies. 
4. Regulatory review of Revoluts overall dispute-handling practices for stolen-device fraud. 



I am a father and currently in a financially critical situation. Revoluts mishandling of my fraud claim has left me without access to my own funds despite my timely reporting, police documentation, and cooperation. 

Please investigate this matter and ensure Revolut complies with its legal obligations under federal law and its own consumer agreement.

Attachments available : Police report Screenshots of disputes marked reset, cancelled, or not an error Revoluts chat messages citing XXXX Secure verification and card-scheme dispute handling",0
17167916,conflicting_answers,Does the consumer say different company employees gave them conflicting information?,"I am filing a complaint against Revolut for failure to properly handle unauthorized transactions and for non-compliance with the Electronic Fund Transfer Act ( Regulation E, 12 CFR 1005.11 ). 

Between XX/XX/XXXX and XX/XX/year>, my phone, wallet, ID, and Revolut card were stolen. The thief used my stolen phone, XXXX card, and Revolut app to approve multiple unauthorized transactions totaling approximately {$810.00}, including several charges to XXXX, a hotel, and multiple retail purchases ( XXXX XXXX XXXX XXXX XXXX XXXX XXXX XXXX XXXX XXXX 

I promptly reported the theft to Revolut through their in-app chat, filed a police report, and cooperated with their dispute process. Despite doing everything required, Revolut repeatedly reset my dispute filing dates, closed cases, or marked transactions as not an error. They claimed certain transactions were XXXX Secure verified, but the verification occurred using my stolen devicenot by me. 

This conduct is a direct violation of federal consumer protection law. Regulation XXXX clearly states : > We will determine whether an error occurred within XXXX ( XXXX ) Business Days If we need more time, we may take up to forty-five ( XXXX ) days to investigate. If we decide to do this, we will provisionally credit your Card Account within XXXX ( XXXX ) Business Days for the amount you think is in error. 



( Quote from Revoluts own Consumer Prepaid Cardholder Agreement ( effective XX/XX/year> ). ) Revolut has failed to comply with this requirement. They have not issued provisional credit within XXXX business days of my original report, have not provided written acknowledgment of the investigation timeline, and have instead reclassified the case as a card-scheme dispute to avoid their obligations under Regulation E.

Additionally, Revolut has dismissed or closed multiple related disputes, including the XXXX charges, hotel transactions, and other merchant purchases, claiming no error found or incorrectly filed form. These decisions are inaccurate and negligent given the documented theft of my access devices and identity. 

I am requesting that the CFPB investigate Revoluts handling of unauthorized transactions and enforce compliance with 12 CFR 1005.6 ( b ) ( 2 ) and 12 CFR 1005.11. Specifically, I am requesting : 1. Immediate provisional credit of {$810.00} while the investigation continues. 


XXXX. Reopening and reclassification of all denied or closed disputes related to the theft ( including XXXX  and hotel charges ). 


XXXX. Confirmation that Revolut will handle this case under Regulation E rather than internal card-scheme policies. 
4. Regulatory review of Revoluts overall dispute-handling practices for stolen-device fraud. 



I am a father and currently in a financially critical situation. Revoluts mishandling of my fraud claim has left me without access to my own funds despite my timely reporting, police documentation, and cooperation. 

Please investigate this matter and ensure Revolut complies with its legal obligations under federal law and its own consumer agreement.

Attachments available : Police report Screenshots of disputes marked reset, cancelled, or not an error Revoluts chat messages citing XXXX Secure verification and card-scheme dispute handling",0
17167916,reason_withheld,Does the consumer say the company refused to tell them the reason for its decision?,"I am filing a complaint against Revolut for failure to properly handle unauthorized transactions and for non-compliance with the Electronic Fund Transfer Act ( Regulation E, 12 CFR 1005.11 ). 

Between XX/XX/XXXX and XX/XX/year>, my phone, wallet, ID, and Revolut card were stolen. The thief used my stolen phone, XXXX card, and Revolut app to approve multiple unauthorized transactions totaling approximately {$810.00}, including several charges to XXXX, a hotel, and multiple retail purchases ( XXXX XXXX XXXX XXXX XXXX XXXX XXXX XXXX XXXX XXXX 

I promptly reported the theft to Revolut through their in-app chat, filed a police report, and cooperated with their dispute process. Despite doing everything required, Revolut repeatedly reset my dispute filing dates, closed cases, or marked transactions as not an error. They claimed certain transactions were XXXX Secure verified, but the verification occurred using my stolen devicenot by me. 

This conduct is a direct violation of federal consumer protection law. Regulation XXXX clearly states : > We will determine whether an error occurred within XXXX ( XXXX ) Business Days If we need more time, we may take up to forty-five ( XXXX ) days to investigate. If we decide to do this, we will provisionally credit your Card Account within XXXX ( XXXX ) Business Days for the amount you think is in error. 



( Quote from Revoluts own Consumer Prepaid Cardholder Agreement ( effective XX/XX/year> ). ) Revolut has failed to comply with this requirement. They have not issued provisional credit within XXXX business days of my original report, have not provided written acknowledgment of the investigation timeline, and have instead reclassified the case as a card-scheme dispute to avoid their obligations under Regulation E.

Additionally, Revolut has dismissed or closed multiple related disputes, including the XXXX charges, hotel transactions, and other merchant purchases, claiming no error found or incorrectly filed form. These decisions are inaccurate and negligent given the documented theft of my access devices and identity. 

I am requesting that the CFPB investigate Revoluts handling of unauthorized transactions and enforce compliance with 12 CFR 1005.6 ( b ) ( 2 ) and 12 CFR 1005.11. Specifically, I am requesting : 1. Immediate provisional credit of {$810.00} while the investigation continues. 


XXXX. Reopening and reclassification of all denied or closed disputes related to the theft ( including XXXX  and hotel charges ). 


XXXX. Confirmation that Revolut will handle this case under Regulation E rather than internal card-scheme policies. 
4. Regulatory review of Revoluts overall dispute-handling practices for stolen-device fraud. 



I am a father and currently in a financially critical situation. Revoluts mishandling of my fraud claim has left me without access to my own funds despite my timely reporting, police documentation, and cooperation. 

Please investigate this matter and ensure Revolut complies with its legal obligations under federal law and its own consumer agreement.

Attachments available : Police report Screenshots of disputes marked reset, cancelled, or not an error Revoluts chat messages citing XXXX Secure verification and card-scheme dispute handling",0
17167916,wants_money_back,Does the consumer ask to get money back from the company?,"I am filing a complaint against Revolut for failure to properly handle unauthorized transactions and for non-compliance with the Electronic Fund Transfer Act ( Regulation E, 12 CFR 1005.11 ). 

Between XX/XX/XXXX and XX/XX/year>, my phone, wallet, ID, and Revolut card were stolen. The thief used my stolen phone, XXXX card, and Revolut app to approve multiple unauthorized transactions totaling approximately {$810.00}, including several charges to XXXX, a hotel, and multiple retail purchases ( XXXX XXXX XXXX XXXX XXXX XXXX XXXX XXXX XXXX XXXX 

I promptly reported the theft to Revolut through their in-app chat, filed a police report, and cooperated with their dispute process. Despite doing everything required, Revolut repeatedly reset my dispute filing dates, closed cases, or marked transactions as not an error. They claimed certain transactions were XXXX Secure verified, but the verification occurred using my stolen devicenot by me. 

This conduct is a direct violation of federal consumer protection law. Regulation XXXX clearly states : > We will determine whether an error occurred within XXXX ( XXXX ) Business Days If we need more time, we may take up to forty-five ( XXXX ) days to investigate. If we decide to do this, we will provisionally credit your Card Account within XXXX ( XXXX ) Business Days for the amount you think is in error. 



( Quote from Revoluts own Consumer Prepaid Cardholder Agreement ( effective XX/XX/year> ). ) Revolut has failed to comply with this requirement. They have not issued provisional credit within XXXX business days of my original report, have not provided written acknowledgment of the investigation timeline, and have instead reclassified the case as a card-scheme dispute to avoid their obligations under Regulation E.

Additionally, Revolut has dismissed or closed multiple related disputes, including the XXXX charges, hotel transactions, and other merchant purchases, claiming no error found or incorrectly filed form. These decisions are inaccurate and negligent given the documented theft of my access devices and identity. 

I am requesting that the CFPB investigate Revoluts handling of unauthorized transactions and enforce compliance with 12 CFR 1005.6 ( b ) ( 2 ) and 12 CFR 1005.11. Specifically, I am requesting : 1. Immediate provisional credit of {$810.00} while the investigation continues. 


XXXX. Reopening and reclassification of all denied or closed disputes related to the theft ( including XXXX  and hotel charges ). 


XXXX. Confirmation that Revolut will handle this case under Regulation E rather than internal card-scheme policies. 
4. Regulatory review of Revoluts overall dispute-handling practices for stolen-device fraud. 



I am a father and currently in a financially critical situation. Revoluts mishandling of my fraud claim has left me without access to my own funds despite my timely reporting, police documentation, and cooperation. 

Please investigate this matter and ensure Revolut complies with its legal obligations under federal law and its own consumer agreement.

Attachments available : Police report Screenshots of disputes marked reset, cancelled, or not an error Revoluts chat messages citing XXXX Secure verification and card-scheme dispute handling",1
17167916,companies_blame_each_other,Does the consumer say two companies are each telling them that the other one is responsible?,"I am filing a complaint against Revolut for failure to properly handle unauthorized transactions and for non-compliance with the Electronic Fund Transfer Act ( Regulation E, 12 CFR 1005.11 ). 

Between XX/XX/XXXX and XX/XX/year>, my phone, wallet, ID, and Revolut card were stolen. The thief used my stolen phone, XXXX card, and Revolut app to approve multiple unauthorized transactions totaling approximately {$810.00}, including several charges to XXXX, a hotel, and multiple retail purchases ( XXXX XXXX XXXX XXXX XXXX XXXX XXXX XXXX XXXX XXXX 

I promptly reported the theft to Revolut through their in-app chat, filed a police report, and cooperated with their dispute process. Despite doing everything required, Revolut repeatedly reset my dispute filing dates, closed cases, or marked transactions as not an error. They claimed certain transactions were XXXX Secure verified, but the verification occurred using my stolen devicenot by me. 

This conduct is a direct violation of federal consumer protection law. Regulation XXXX clearly states : > We will determine whether an error occurred within XXXX ( XXXX ) Business Days If we need more time, we may take up to forty-five ( XXXX ) days to investigate. If we decide to do this, we will provisionally credit your Card Account within XXXX ( XXXX ) Business Days for the amount you think is in error. 



( Quote from Revoluts own Consumer Prepaid Cardholder Agreement ( effective XX/XX/year> ). ) Revolut has failed to comply with this requirement. They have not issued provisional credit within XXXX business days of my original report, have not provided written acknowledgment of the investigation timeline, and have instead reclassified the case as a card-scheme dispute to avoid their obligations under Regulation E.

Additionally, Revolut has dismissed or closed multiple related disputes, including the XXXX charges, hotel transactions, and other merchant purchases, claiming no error found or incorrectly filed form. These decisions are inaccurate and negligent given the documented theft of my access devices and identity. 

I am requesting that the CFPB investigate Revoluts handling of unauthorized transactions and enforce compliance with 12 CFR 1005.6 ( b ) ( 2 ) and 12 CFR 1005.11. Specifically, I am requesting : 1. Immediate provisional credit of {$810.00} while the investigation continues. 


XXXX. Reopening and reclassification of all denied or closed disputes related to the theft ( including XXXX  and hotel charges ). 


XXXX. Confirmation that Revolut will handle this case under Regulation E rather than internal card-scheme policies. 
4. Regulatory review of Revoluts overall dispute-handling practices for stolen-device fraud. 



I am a father and currently in a financially critical situation. Revoluts mishandling of my fraud claim has left me without access to my own funds despite my timely reporting, police documentation, and cooperation. 

Please investigate this matter and ensure Revolut complies with its legal obligations under federal law and its own consumer agreement.

Attachments available : Police report Screenshots of disputes marked reset, cancelled, or not an error Revoluts chat messages citing XXXX Secure verification and card-scheme dispute handling",0
18689412,employee_admitted_error,Does the consumer say a company employee admitted that the company made a mistake?,"I deposited a {$6500.00} cashiers check payable to my business into my Chase business account. Shortly after the deposit, Chase closed the account and informed me that the funds were suspended pending verification. I was initially told the funds would be released within 10 business days, but Chase has since refused to provide a clear timeline or release the money. 

I have spent over six hours contacting Chase by phone and speaking with supervisors, but I continue to be transferred without resolution. Chase has not provided written confirmation of the verification status, the department handling the review, or a definitive release or mailing date for my funds. 

To proactively resolve this, I contacted the issuing bank, XXXX XXXX, and obtained all necessary verification details directly from supervisors, including confirmation that the cashiers check is legitimate, valid, and payable. XXXX XXXX supervisors confirmed they are available and willing to immediately verify the check if contacted by Chase. Despite this, Chase has either failed or refused to complete verification with the issuing bank and continues to hold the funds without justification. 

I am requesting that Chase immediately release the {$6500.00} or issue the balance to me by check. At a minimum, Chase should be required to provide written confirmation of the reason for the suspension, the verification steps taken, and a definitive timeline for when my funds will be returned. I believe Chase is unreasonably withholding my money without a clear or lawful basis.",0
18689412,conflicting_answers,Does the consumer say different company employees gave them conflicting information?,"I deposited a {$6500.00} cashiers check payable to my business into my Chase business account. Shortly after the deposit, Chase closed the account and informed me that the funds were suspended pending verification. I was initially told the funds would be released within 10 business days, but Chase has since refused to provide a clear timeline or release the money. 

I have spent over six hours contacting Chase by phone and speaking with supervisors, but I continue to be transferred without resolution. Chase has not provided written confirmation of the verification status, the department handling the review, or a definitive release or mailing date for my funds. 

To proactively resolve this, I contacted the issuing bank, XXXX XXXX, and obtained all necessary verification details directly from supervisors, including confirmation that the cashiers check is legitimate, valid, and payable. XXXX XXXX supervisors confirmed they are available and willing to immediately verify the check if contacted by Chase. Despite this, Chase has either failed or refused to complete verification with the issuing bank and continues to hold the funds without justification. 

I am requesting that Chase immediately release the {$6500.00} or issue the balance to me by check. At a minimum, Chase should be required to provide written confirmation of the reason for the suspension, the verification steps taken, and a definitive timeline for when my funds will be returned. I believe Chase is unreasonably withholding my money without a clear or lawful basis.",0
18689412,reason_withheld,Does the consumer say the company refused to tell them the reason for its decision?,"I deposited a {$6500.00} cashiers check payable to my business into my Chase business account. Shortly after the deposit, Chase closed the account and informed me that the funds were suspended pending verification. I was initially told the funds would be released within 10 business days, but Chase has since refused to provide a clear timeline or release the money. 

I have spent over six hours contacting Chase by phone and speaking with supervisors, but I continue to be transferred without resolution. Chase has not provided written confirmation of the verification status, the department handling the review, or a definitive release or mailing date for my funds. 

To proactively resolve this, I contacted the issuing bank, XXXX XXXX, and obtained all necessary verification details directly from supervisors, including confirmation that the cashiers check is legitimate, valid, and payable. XXXX XXXX supervisors confirmed they are available and willing to immediately verify the check if contacted by Chase. Despite this, Chase has either failed or refused to complete verification with the issuing bank and continues to hold the funds without justification. 

I am requesting that Chase immediately release the {$6500.00} or issue the balance to me by check. At a minimum, Chase should be required to provide written confirmation of the reason for the suspension, the verification steps taken, and a definitive timeline for when my funds will be returned. I believe Chase is unreasonably withholding my money without a clear or lawful basis.",0
18689412,wants_money_back,Does the consumer ask to get money back from the company?,"I deposited a {$6500.00} cashiers check payable to my business into my Chase business account. Shortly after the deposit, Chase closed the account and informed me that the funds were suspended pending verification. I was initially told the funds would be released within 10 business days, but Chase has since refused to provide a clear timeline or release the money. 

I have spent over six hours contacting Chase by phone and speaking with supervisors, but I continue to be transferred without resolution. Chase has not provided written confirmation of the verification status, the department handling the review, or a definitive release or mailing date for my funds. 

To proactively resolve this, I contacted the issuing bank, XXXX XXXX, and obtained all necessary verification details directly from supervisors, including confirmation that the cashiers check is legitimate, valid, and payable. XXXX XXXX supervisors confirmed they are available and willing to immediately verify the check if contacted by Chase. Despite this, Chase has either failed or refused to complete verification with the issuing bank and continues to hold the funds without justification. 

I am requesting that Chase immediately release the {$6500.00} or issue the balance to me by check. At a minimum, Chase should be required to provide written confirmation of the reason for the suspension, the verification steps taken, and a definitive timeline for when my funds will be returned. I believe Chase is unreasonably withholding my money without a clear or lawful basis.",1
18689412,companies_blame_each_other,Does the consumer say two companies are each telling them that the other one is responsible?,"I deposited a {$6500.00} cashiers check payable to my business into my Chase business account. Shortly after the deposit, Chase closed the account and informed me that the funds were suspended pending verification. I was initially told the funds would be released within 10 business days, but Chase has since refused to provide a clear timeline or release the money. 

I have spent over six hours contacting Chase by phone and speaking with supervisors, but I continue to be transferred without resolution. Chase has not provided written confirmation of the verification status, the department handling the review, or a definitive release or mailing date for my funds. 

To proactively resolve this, I contacted the issuing bank, XXXX XXXX, and obtained all necessary verification details directly from supervisors, including confirmation that the cashiers check is legitimate, valid, and payable. XXXX XXXX supervisors confirmed they are available and willing to immediately verify the check if contacted by Chase. Despite this, Chase has either failed or refused to complete verification with the issuing bank and continues to hold the funds without justification. 

I am requesting that Chase immediately release the {$6500.00} or issue the balance to me by check. At a minimum, Chase should be required to provide written confirmation of the reason for the suspension, the verification steps taken, and a definitive timeline for when my funds will be returned. I believe Chase is unreasonably withholding my money without a clear or lawful basis.",0
19969285,employee_admitted_error,Does the consumer say a company employee admitted that the company made a mistake?,"Company Name : Huntington National Bank Complaint : On XXXX XXXX XXXX at XXXXXXXX XXXX, I received a {$300.00} money transfer from XXXX XXXX sent directly to my Huntington bank account. The XXXX XXXX XXXX is XXXX. XXXX XXXX confirmed the transaction was Completed and that Huntington Bank accepted the ACH credit on XXXX The confirmation code provided once Huntington accepted the funds is XXXX As of XXXX XXXX XXXX the {$300.00} has not been posted to my account and Huntington Bank states they can not locate the deposit. When I contacted Huntington on XXXX XXXX XXXX I was told there were recent direct deposit processing problems and that this could be the issue. However, no one could provide a trace number, investigation confirmation, or explain where the funds are currently located. I asked if there was a controllers office or payment operations department I could speak with, and I was told there was no one available. XXXX XXXX has confirmed Huntington received and accepted the funds. Therefore, the ACH credit should either be posted to my account, returned, or traceable within Huntingtons system. I am requesting : A formal ACH trace investigation. Written confirmation of where the {$300.00} deposit is currently located. Immediate credit to my account if the funds are in Huntingtons possession. Documentation if the deposit was rejected, including the return date and reason code. This matter involves missing consumer funds and requires immediate resolution",1
19969285,conflicting_answers,Does the consumer say different company employees gave them conflicting information?,"Company Name : Huntington National Bank Complaint : On XXXX XXXX XXXX at XXXXXXXX XXXX, I received a {$300.00} money transfer from XXXX XXXX sent directly to my Huntington bank account. The XXXX XXXX XXXX is XXXX. XXXX XXXX confirmed the transaction was Completed and that Huntington Bank accepted the ACH credit on XXXX The confirmation code provided once Huntington accepted the funds is XXXX As of XXXX XXXX XXXX the {$300.00} has not been posted to my account and Huntington Bank states they can not locate the deposit. When I contacted Huntington on XXXX XXXX XXXX I was told there were recent direct deposit processing problems and that this could be the issue. However, no one could provide a trace number, investigation confirmation, or explain where the funds are currently located. I asked if there was a controllers office or payment operations department I could speak with, and I was told there was no one available. XXXX XXXX has confirmed Huntington received and accepted the funds. Therefore, the ACH credit should either be posted to my account, returned, or traceable within Huntingtons system. I am requesting : A formal ACH trace investigation. Written confirmation of where the {$300.00} deposit is currently located. Immediate credit to my account if the funds are in Huntingtons possession. Documentation if the deposit was rejected, including the return date and reason code. This matter involves missing consumer funds and requires immediate resolution",0
19969285,reason_withheld,Does the consumer say the company refused to tell them the reason for its decision?,"Company Name : Huntington National Bank Complaint : On XXXX XXXX XXXX at XXXXXXXX XXXX, I received a {$300.00} money transfer from XXXX XXXX sent directly to my Huntington bank account. The XXXX XXXX XXXX is XXXX. XXXX XXXX confirmed the transaction was Completed and that Huntington Bank accepted the ACH credit on XXXX The confirmation code provided once Huntington accepted the funds is XXXX As of XXXX XXXX XXXX the {$300.00} has not been posted to my account and Huntington Bank states they can not locate the deposit. When I contacted Huntington on XXXX XXXX XXXX I was told there were recent direct deposit processing problems and that this could be the issue. However, no one could provide a trace number, investigation confirmation, or explain where the funds are currently located. I asked if there was a controllers office or payment operations department I could speak with, and I was told there was no one available. XXXX XXXX has confirmed Huntington received and accepted the funds. Therefore, the ACH credit should either be posted to my account, returned, or traceable within Huntingtons system. I am requesting : A formal ACH trace investigation. Written confirmation of where the {$300.00} deposit is currently located. Immediate credit to my account if the funds are in Huntingtons possession. Documentation if the deposit was rejected, including the return date and reason code. This matter involves missing consumer funds and requires immediate resolution",0
19969285,wants_money_back,Does the consumer ask to get money back from the company?,"Company Name : Huntington National Bank Complaint : On XXXX XXXX XXXX at XXXXXXXX XXXX, I received a {$300.00} money transfer from XXXX XXXX sent directly to my Huntington bank account. The XXXX XXXX XXXX is XXXX. XXXX XXXX confirmed the transaction was Completed and that Huntington Bank accepted the ACH credit on XXXX The confirmation code provided once Huntington accepted the funds is XXXX As of XXXX XXXX XXXX the {$300.00} has not been posted to my account and Huntington Bank states they can not locate the deposit. When I contacted Huntington on XXXX XXXX XXXX I was told there were recent direct deposit processing problems and that this could be the issue. However, no one could provide a trace number, investigation confirmation, or explain where the funds are currently located. I asked if there was a controllers office or payment operations department I could speak with, and I was told there was no one available. XXXX XXXX has confirmed Huntington received and accepted the funds. Therefore, the ACH credit should either be posted to my account, returned, or traceable within Huntingtons system. I am requesting : A formal ACH trace investigation. Written confirmation of where the {$300.00} deposit is currently located. Immediate credit to my account if the funds are in Huntingtons possession. Documentation if the deposit was rejected, including the return date and reason code. This matter involves missing consumer funds and requires immediate resolution",1
19969285,companies_blame_each_other,Does the consumer say two companies are each telling them that the other one is responsible?,"Company Name : Huntington National Bank Complaint : On XXXX XXXX XXXX at XXXXXXXX XXXX, I received a {$300.00} money transfer from XXXX XXXX sent directly to my Huntington bank account. The XXXX XXXX XXXX is XXXX. XXXX XXXX confirmed the transaction was Completed and that Huntington Bank accepted the ACH credit on XXXX The confirmation code provided once Huntington accepted the funds is XXXX As of XXXX XXXX XXXX the {$300.00} has not been posted to my account and Huntington Bank states they can not locate the deposit. When I contacted Huntington on XXXX XXXX XXXX I was told there were recent direct deposit processing problems and that this could be the issue. However, no one could provide a trace number, investigation confirmation, or explain where the funds are currently located. I asked if there was a controllers office or payment operations department I could speak with, and I was told there was no one available. XXXX XXXX has confirmed Huntington received and accepted the funds. Therefore, the ACH credit should either be posted to my account, returned, or traceable within Huntingtons system. I am requesting : A formal ACH trace investigation. Written confirmation of where the {$300.00} deposit is currently located. Immediate credit to my account if the funds are in Huntingtons possession. Documentation if the deposit was rejected, including the return date and reason code. This matter involves missing consumer funds and requires immediate resolution",0
23169808,employee_admitted_error,Does the consumer say a company employee admitted that the company made a mistake?,"First withdrawal was on XX/XX/year> for the amount of {$100.00} which was put on hold unauthorized. Second withdrawal was on XX/XX/year> for the amount of $ XXXXpending and then was withdrawn from my account On the Monday called bank, All week called the bank regarding this unauthorized charges with no help regarding this transactions. The. company was XXXX XXXX XXXX in XXXX and/or XXXX, Connecticut. It was for a grocery delivery ordered on their app. After the delivery was done, thats when all kind of different sums were related to me via invoice from the delivery guy, email message with a different sums, then a different amount on their website Called every day Webster bank and the store with no resolution. Webster Bank admitted to a widespread system glitch involving grocery delivery invoices that impacted multiple customers. Despite knowing this was a bank/merchant system error, they allowed my account to go negative and charged me overdraft fees. The merchant attempted to refund the second unauthorized charge, but Webster Bank 's automated system swallowed the refund to cover the negative balance caused by the glitch, leaving me with only {$23.00}. Furthermore, the first fraudulent pending hold is STILL active and locking up my money. Webster Bank is violating Regulation E by failing to resolve a known processing error and penalizing a customer for a system outage. / demand a manual release of the pending hold, a full refund of all overdraft fees, and provisional credit for the missing funds. ''",1
23169808,conflicting_answers,Does the consumer say different company employees gave them conflicting information?,"First withdrawal was on XX/XX/year> for the amount of {$100.00} which was put on hold unauthorized. Second withdrawal was on XX/XX/year> for the amount of $ XXXXpending and then was withdrawn from my account On the Monday called bank, All week called the bank regarding this unauthorized charges with no help regarding this transactions. The. company was XXXX XXXX XXXX in XXXX and/or XXXX, Connecticut. It was for a grocery delivery ordered on their app. After the delivery was done, thats when all kind of different sums were related to me via invoice from the delivery guy, email message with a different sums, then a different amount on their website Called every day Webster bank and the store with no resolution. Webster Bank admitted to a widespread system glitch involving grocery delivery invoices that impacted multiple customers. Despite knowing this was a bank/merchant system error, they allowed my account to go negative and charged me overdraft fees. The merchant attempted to refund the second unauthorized charge, but Webster Bank 's automated system swallowed the refund to cover the negative balance caused by the glitch, leaving me with only {$23.00}. Furthermore, the first fraudulent pending hold is STILL active and locking up my money. Webster Bank is violating Regulation E by failing to resolve a known processing error and penalizing a customer for a system outage. / demand a manual release of the pending hold, a full refund of all overdraft fees, and provisional credit for the missing funds. ''",0
23169808,reason_withheld,Does the consumer say the company refused to tell them the reason for its decision?,"First withdrawal was on XX/XX/year> for the amount of {$100.00} which was put on hold unauthorized. Second withdrawal was on XX/XX/year> for the amount of $ XXXXpending and then was withdrawn from my account On the Monday called bank, All week called the bank regarding this unauthorized charges with no help regarding this transactions. The. company was XXXX XXXX XXXX in XXXX and/or XXXX, Connecticut. It was for a grocery delivery ordered on their app. After the delivery was done, thats when all kind of different sums were related to me via invoice from the delivery guy, email message with a different sums, then a different amount on their website Called every day Webster bank and the store with no resolution. Webster Bank admitted to a widespread system glitch involving grocery delivery invoices that impacted multiple customers. Despite knowing this was a bank/merchant system error, they allowed my account to go negative and charged me overdraft fees. The merchant attempted to refund the second unauthorized charge, but Webster Bank 's automated system swallowed the refund to cover the negative balance caused by the glitch, leaving me with only {$23.00}. Furthermore, the first fraudulent pending hold is STILL active and locking up my money. Webster Bank is violating Regulation E by failing to resolve a known processing error and penalizing a customer for a system outage. / demand a manual release of the pending hold, a full refund of all overdraft fees, and provisional credit for the missing funds. ''",0
23169808,wants_money_back,Does the consumer ask to get money back from the company?,"First withdrawal was on XX/XX/year> for the amount of {$100.00} which was put on hold unauthorized. Second withdrawal was on XX/XX/year> for the amount of $ XXXXpending and then was withdrawn from my account On the Monday called bank, All week called the bank regarding this unauthorized charges with no help regarding this transactions. The. company was XXXX XXXX XXXX in XXXX and/or XXXX, Connecticut. It was for a grocery delivery ordered on their app. After the delivery was done, thats when all kind of different sums were related to me via invoice from the delivery guy, email message with a different sums, then a different amount on their website Called every day Webster bank and the store with no resolution. Webster Bank admitted to a widespread system glitch involving grocery delivery invoices that impacted multiple customers. Despite knowing this was a bank/merchant system error, they allowed my account to go negative and charged me overdraft fees. The merchant attempted to refund the second unauthorized charge, but Webster Bank 's automated system swallowed the refund to cover the negative balance caused by the glitch, leaving me with only {$23.00}. Furthermore, the first fraudulent pending hold is STILL active and locking up my money. Webster Bank is violating Regulation E by failing to resolve a known processing error and penalizing a customer for a system outage. / demand a manual release of the pending hold, a full refund of all overdraft fees, and provisional credit for the missing funds. ''",1
23169808,companies_blame_each_other,Does the consumer say two companies are each telling them that the other one is responsible?,"First withdrawal was on XX/XX/year> for the amount of {$100.00} which was put on hold unauthorized. Second withdrawal was on XX/XX/year> for the amount of $ XXXXpending and then was withdrawn from my account On the Monday called bank, All week called the bank regarding this unauthorized charges with no help regarding this transactions. The. company was XXXX XXXX XXXX in XXXX and/or XXXX, Connecticut. It was for a grocery delivery ordered on their app. After the delivery was done, thats when all kind of different sums were related to me via invoice from the delivery guy, email message with a different sums, then a different amount on their website Called every day Webster bank and the store with no resolution. Webster Bank admitted to a widespread system glitch involving grocery delivery invoices that impacted multiple customers. Despite knowing this was a bank/merchant system error, they allowed my account to go negative and charged me overdraft fees. The merchant attempted to refund the second unauthorized charge, but Webster Bank 's automated system swallowed the refund to cover the negative balance caused by the glitch, leaving me with only {$23.00}. Furthermore, the first fraudulent pending hold is STILL active and locking up my money. Webster Bank is violating Regulation E by failing to resolve a known processing error and penalizing a customer for a system outage. / demand a manual release of the pending hold, a full refund of all overdraft fees, and provisional credit for the missing funds. ''",0
22981792,employee_admitted_error,Does the consumer say a company employee admitted that the company made a mistake?,"Subject : Violation of Fair Credit Billing Act ( FCBA ) Claim # XXXX Consumer Name : XXXX XXXX XXXX Disputed Amount : {$1100.00} Merchant : XXXX ( XXXX XXXX XXXX XXXX XXXX Reference : XXXX I am filing this formal complaint against Capital One for a systemic failure to investigate a billing dispute under the Fair Credit Billing Act ( XXXX ) regarding Claim # XXXX. Capital One has twice rubber-stamped automated merchant response codes ( "" substantiated '' / "" revoked '' ) from the ticket broker XXXX without performing a manual review, requiring physical merchant documentation, or validating whether any services were actually rendered. No services were No services were rendered. The entire flight itinerary was systematically canceled by the operating airlines due to a major XXXXXXXX XXXX storm on XX/XX/2026 Verified Financial Loss Breakdown : Base Fare ( Adult ) XXXX XXXX XXXXXXXX & Fees ( Adult ) XXXX XXXX XXXXXXXX XXXX XXXX XXXX XXXX XXXX XXXX XXXX XXXX Baggage Fee : XXXX XXXXXXXX Total Charged : XXXX XXXXXXXX Facts of Non-Delivery : XXXX. The primary carrier, XXXX XXXX XXXX, officially canceled transatlantic Flight XXXX from XXXX XXXX XXXX XXXX XXXX XXXX XXXX XXXX XXXX ) under PNR XXXX. They issued a written directive stating : "" We regret to inform you that your flight XXXX unavailability of alternative flights, you are entitled to receive a refund of your ticket in the original payment method. '' The connecting carrier, XXXX XXXX, officially canceled the domestic partner flight segment due to the same weather emergency Under the FCBA, a bank can not hold a consumer liable for a charge where the merchant failed to deliver the agreed-upon services. Capital One is actively facilitating merchant fraud by forcing me to pay {$1100.00} for an entirely canceled itinerary that the airlines openly admit never flew. An official enforcement complaint has been logged against XXXX with the U.S. Department of Transportation. I demand an immediate manual corporate review and a permanent credit to my account.",0
22981792,conflicting_answers,Does the consumer say different company employees gave them conflicting information?,"Subject : Violation of Fair Credit Billing Act ( FCBA ) Claim # XXXX Consumer Name : XXXX XXXX XXXX Disputed Amount : {$1100.00} Merchant : XXXX ( XXXX XXXX XXXX XXXX XXXX Reference : XXXX I am filing this formal complaint against Capital One for a systemic failure to investigate a billing dispute under the Fair Credit Billing Act ( XXXX ) regarding Claim # XXXX. Capital One has twice rubber-stamped automated merchant response codes ( "" substantiated '' / "" revoked '' ) from the ticket broker XXXX without performing a manual review, requiring physical merchant documentation, or validating whether any services were actually rendered. No services were No services were rendered. The entire flight itinerary was systematically canceled by the operating airlines due to a major XXXXXXXX XXXX storm on XX/XX/2026 Verified Financial Loss Breakdown : Base Fare ( Adult ) XXXX XXXX XXXXXXXX & Fees ( Adult ) XXXX XXXX XXXXXXXX XXXX XXXX XXXX XXXX XXXX XXXX XXXX XXXX Baggage Fee : XXXX XXXXXXXX Total Charged : XXXX XXXXXXXX Facts of Non-Delivery : XXXX. The primary carrier, XXXX XXXX XXXX, officially canceled transatlantic Flight XXXX from XXXX XXXX XXXX XXXX XXXX XXXX XXXX XXXX XXXX ) under PNR XXXX. They issued a written directive stating : "" We regret to inform you that your flight XXXX unavailability of alternative flights, you are entitled to receive a refund of your ticket in the original payment method. '' The connecting carrier, XXXX XXXX, officially canceled the domestic partner flight segment due to the same weather emergency Under the FCBA, a bank can not hold a consumer liable for a charge where the merchant failed to deliver the agreed-upon services. Capital One is actively facilitating merchant fraud by forcing me to pay {$1100.00} for an entirely canceled itinerary that the airlines openly admit never flew. An official enforcement complaint has been logged against XXXX with the U.S. Department of Transportation. I demand an immediate manual corporate review and a permanent credit to my account.",0
22981792,reason_withheld,Does the consumer say the company refused to tell them the reason for its decision?,"Subject : Violation of Fair Credit Billing Act ( FCBA ) Claim # XXXX Consumer Name : XXXX XXXX XXXX Disputed Amount : {$1100.00} Merchant : XXXX ( XXXX XXXX XXXX XXXX XXXX Reference : XXXX I am filing this formal complaint against Capital One for a systemic failure to investigate a billing dispute under the Fair Credit Billing Act ( XXXX ) regarding Claim # XXXX. Capital One has twice rubber-stamped automated merchant response codes ( "" substantiated '' / "" revoked '' ) from the ticket broker XXXX without performing a manual review, requiring physical merchant documentation, or validating whether any services were actually rendered. No services were No services were rendered. The entire flight itinerary was systematically canceled by the operating airlines due to a major XXXXXXXX XXXX storm on XX/XX/2026 Verified Financial Loss Breakdown : Base Fare ( Adult ) XXXX XXXX XXXXXXXX & Fees ( Adult ) XXXX XXXX XXXXXXXX XXXX XXXX XXXX XXXX XXXX XXXX XXXX XXXX Baggage Fee : XXXX XXXXXXXX Total Charged : XXXX XXXXXXXX Facts of Non-Delivery : XXXX. The primary carrier, XXXX XXXX XXXX, officially canceled transatlantic Flight XXXX from XXXX XXXX XXXX XXXX XXXX XXXX XXXX XXXX XXXX ) under PNR XXXX. They issued a written directive stating : "" We regret to inform you that your flight XXXX unavailability of alternative flights, you are entitled to receive a refund of your ticket in the original payment method. '' The connecting carrier, XXXX XXXX, officially canceled the domestic partner flight segment due to the same weather emergency Under the FCBA, a bank can not hold a consumer liable for a charge where the merchant failed to deliver the agreed-upon services. Capital One is actively facilitating merchant fraud by forcing me to pay {$1100.00} for an entirely canceled itinerary that the airlines openly admit never flew. An official enforcement complaint has been logged against XXXX with the U.S. Department of Transportation. I demand an immediate manual corporate review and a permanent credit to my account.",0
22981792,wants_money_back,Does the consumer ask to get money back from the company?,"Subject : Violation of Fair Credit Billing Act ( FCBA ) Claim # XXXX Consumer Name : XXXX XXXX XXXX Disputed Amount : {$1100.00} Merchant : XXXX ( XXXX XXXX XXXX XXXX XXXX Reference : XXXX I am filing this formal complaint against Capital One for a systemic failure to investigate a billing dispute under the Fair Credit Billing Act ( XXXX ) regarding Claim # XXXX. Capital One has twice rubber-stamped automated merchant response codes ( "" substantiated '' / "" revoked '' ) from the ticket broker XXXX without performing a manual review, requiring physical merchant documentation, or validating whether any services were actually rendered. No services were No services were rendered. The entire flight itinerary was systematically canceled by the operating airlines due to a major XXXXXXXX XXXX storm on XX/XX/2026 Verified Financial Loss Breakdown : Base Fare ( Adult ) XXXX XXXX XXXXXXXX & Fees ( Adult ) XXXX XXXX XXXXXXXX XXXX XXXX XXXX XXXX XXXX XXXX XXXX XXXX Baggage Fee : XXXX XXXXXXXX Total Charged : XXXX XXXXXXXX Facts of Non-Delivery : XXXX. The primary carrier, XXXX XXXX XXXX, officially canceled transatlantic Flight XXXX from XXXX XXXX XXXX XXXX XXXX XXXX XXXX XXXX XXXX ) under PNR XXXX. They issued a written directive stating : "" We regret to inform you that your flight XXXX unavailability of alternative flights, you are entitled to receive a refund of your ticket in the original payment method. '' The connecting carrier, XXXX XXXX, officially canceled the domestic partner flight segment due to the same weather emergency Under the FCBA, a bank can not hold a consumer liable for a charge where the merchant failed to deliver the agreed-upon services. Capital One is actively facilitating merchant fraud by forcing me to pay {$1100.00} for an entirely canceled itinerary that the airlines openly admit never flew. An official enforcement complaint has been logged against XXXX with the U.S. Department of Transportation. I demand an immediate manual corporate review and a permanent credit to my account.",1
22981792,companies_blame_each_other,Does the consumer say two companies are each telling them that the other one is responsible?,"Subject : Violation of Fair Credit Billing Act ( FCBA ) Claim # XXXX Consumer Name : XXXX XXXX XXXX Disputed Amount : {$1100.00} Merchant : XXXX ( XXXX XXXX XXXX XXXX XXXX Reference : XXXX I am filing this formal complaint against Capital One for a systemic failure to investigate a billing dispute under the Fair Credit Billing Act ( XXXX ) regarding Claim # XXXX. Capital One has twice rubber-stamped automated merchant response codes ( "" substantiated '' / "" revoked '' ) from the ticket broker XXXX without performing a manual review, requiring physical merchant documentation, or validating whether any services were actually rendered. No services were No services were rendered. The entire flight itinerary was systematically canceled by the operating airlines due to a major XXXXXXXX XXXX storm on XX/XX/2026 Verified Financial Loss Breakdown : Base Fare ( Adult ) XXXX XXXX XXXXXXXX & Fees ( Adult ) XXXX XXXX XXXXXXXX XXXX XXXX XXXX XXXX XXXX XXXX XXXX XXXX Baggage Fee : XXXX XXXXXXXX Total Charged : XXXX XXXXXXXX Facts of Non-Delivery : XXXX. The primary carrier, XXXX XXXX XXXX, officially canceled transatlantic Flight XXXX from XXXX XXXX XXXX XXXX XXXX XXXX XXXX XXXX XXXX ) under PNR XXXX. They issued a written directive stating : "" We regret to inform you that your flight XXXX unavailability of alternative flights, you are entitled to receive a refund of your ticket in the original payment method. '' The connecting carrier, XXXX XXXX, officially canceled the domestic partner flight segment due to the same weather emergency Under the FCBA, a bank can not hold a consumer liable for a charge where the merchant failed to deliver the agreed-upon services. Capital One is actively facilitating merchant fraud by forcing me to pay {$1100.00} for an entirely canceled itinerary that the airlines openly admit never flew. An official enforcement complaint has been logged against XXXX with the U.S. Department of Transportation. I demand an immediate manual corporate review and a permanent credit to my account.",0
8218116,employee_admitted_error,Does the consumer say a company employee admitted that the company made a mistake?,"I am in the process of leasing a car. A mutual contact introduced me to a guy posing as a car broker. He said he was going to help negotiate a good least deal for me with local dealerships. 
We had plenty of conversations back-and-forth. He knew exactly what to say, and is very well-versed on the business. After he got my money, which I sent to him from my American Express checking account, he disappeared. 
I called American Express for help and they declined to help",0
8218116,conflicting_answers,Does the consumer say different company employees gave them conflicting information?,"I am in the process of leasing a car. A mutual contact introduced me to a guy posing as a car broker. He said he was going to help negotiate a good least deal for me with local dealerships. 
We had plenty of conversations back-and-forth. He knew exactly what to say, and is very well-versed on the business. After he got my money, which I sent to him from my American Express checking account, he disappeared. 
I called American Express for help and they declined to help",0
8218116,reason_withheld,Does the consumer say the company refused to tell them the reason for its decision?,"I am in the process of leasing a car. A mutual contact introduced me to a guy posing as a car broker. He said he was going to help negotiate a good least deal for me with local dealerships. 
We had plenty of conversations back-and-forth. He knew exactly what to say, and is very well-versed on the business. After he got my money, which I sent to him from my American Express checking account, he disappeared. 
I called American Express for help and they declined to help",0
8218116,wants_money_back,Does the consumer ask to get money back from the company?,"I am in the process of leasing a car. A mutual contact introduced me to a guy posing as a car broker. He said he was going to help negotiate a good least deal for me with local dealerships. 
We had plenty of conversations back-and-forth. He knew exactly what to say, and is very well-versed on the business. After he got my money, which I sent to him from my American Express checking account, he disappeared. 
I called American Express for help and they declined to help",0
8218116,companies_blame_each_other,Does the consumer say two companies are each telling them that the other one is responsible?,"I am in the process of leasing a car. A mutual contact introduced me to a guy posing as a car broker. He said he was going to help negotiate a good least deal for me with local dealerships. 
We had plenty of conversations back-and-forth. He knew exactly what to say, and is very well-versed on the business. After he got my money, which I sent to him from my American Express checking account, he disappeared. 
I called American Express for help and they declined to help",0
8541862,employee_admitted_error,Does the consumer say a company employee admitted that the company made a mistake?,"There was a cell phone promotion in XXXX and I need to bring my own number there. So on XX/XX/XXXX I want to pay {$3.00} to port out a XXXX number, but Google use XXXX to push me using google pay, and I am not able to use other payment methods like credit card. when I use google pay, it asked me upload driver license, although I have uploaded 3 years ago. During this period, the representative gave me wrong direction and I can't find the place to upload ( the case XXXX ), finally they sent me the right direction on XX/XX/XXXX and I uploaded my license again, but it has been 6 days, still no reply, I still can't use google pay to port out my number. Google is worst inefficient now and using monopoly to keep customers in these horrible inefficient experience. Now the promotion in XXXX has ended, because of google 's XXXX  policy, I can't get my new phone.",0
8541862,conflicting_answers,Does the consumer say different company employees gave them conflicting information?,"There was a cell phone promotion in XXXX and I need to bring my own number there. So on XX/XX/XXXX I want to pay {$3.00} to port out a XXXX number, but Google use XXXX to push me using google pay, and I am not able to use other payment methods like credit card. when I use google pay, it asked me upload driver license, although I have uploaded 3 years ago. During this period, the representative gave me wrong direction and I can't find the place to upload ( the case XXXX ), finally they sent me the right direction on XX/XX/XXXX and I uploaded my license again, but it has been 6 days, still no reply, I still can't use google pay to port out my number. Google is worst inefficient now and using monopoly to keep customers in these horrible inefficient experience. Now the promotion in XXXX has ended, because of google 's XXXX  policy, I can't get my new phone.",0
8541862,reason_withheld,Does the consumer say the company refused to tell them the reason for its decision?,"There was a cell phone promotion in XXXX and I need to bring my own number there. So on XX/XX/XXXX I want to pay {$3.00} to port out a XXXX number, but Google use XXXX to push me using google pay, and I am not able to use other payment methods like credit card. when I use google pay, it asked me upload driver license, although I have uploaded 3 years ago. During this period, the representative gave me wrong direction and I can't find the place to upload ( the case XXXX ), finally they sent me the right direction on XX/XX/XXXX and I uploaded my license again, but it has been 6 days, still no reply, I still can't use google pay to port out my number. Google is worst inefficient now and using monopoly to keep customers in these horrible inefficient experience. Now the promotion in XXXX has ended, because of google 's XXXX  policy, I can't get my new phone.",0
8541862,wants_money_back,Does the consumer ask to get money back from the company?,"There was a cell phone promotion in XXXX and I need to bring my own number there. So on XX/XX/XXXX I want to pay {$3.00} to port out a XXXX number, but Google use XXXX to push me using google pay, and I am not able to use other payment methods like credit card. when I use google pay, it asked me upload driver license, although I have uploaded 3 years ago. During this period, the representative gave me wrong direction and I can't find the place to upload ( the case XXXX ), finally they sent me the right direction on XX/XX/XXXX and I uploaded my license again, but it has been 6 days, still no reply, I still can't use google pay to port out my number. Google is worst inefficient now and using monopoly to keep customers in these horrible inefficient experience. Now the promotion in XXXX has ended, because of google 's XXXX  policy, I can't get my new phone.",0
8541862,companies_blame_each_other,Does the consumer say two companies are each telling them that the other one is responsible?,"There was a cell phone promotion in XXXX and I need to bring my own number there. So on XX/XX/XXXX I want to pay {$3.00} to port out a XXXX number, but Google use XXXX to push me using google pay, and I am not able to use other payment methods like credit card. when I use google pay, it asked me upload driver license, although I have uploaded 3 years ago. During this period, the representative gave me wrong direction and I can't find the place to upload ( the case XXXX ), finally they sent me the right direction on XX/XX/XXXX and I uploaded my license again, but it has been 6 days, still no reply, I still can't use google pay to port out my number. Google is worst inefficient now and using monopoly to keep customers in these horrible inefficient experience. Now the promotion in XXXX has ended, because of google 's XXXX  policy, I can't get my new phone.",0
9243408,employee_admitted_error,Does the consumer say a company employee admitted that the company made a mistake?,"I woke up this morning, XX/XX/year>, with an email saying my two XXXX checking accounts will be closed for "" potential fraud '', but I've done nothing but buy crypto using XXXX. 

I contacted customer service 2 times, and spoke with XXXX different representatives and they didn't tell me why I was restricted and said that my accounts would be closed in around 7-10 business days. 

My problem is that not only can I not access the cash I have, but I also get direct deposits from my job there ( one coming tomorrow ). I was told I wouldn't be able to access it until they send me a cashier 's check, which I was told would take 2 weeks AFTER the account closes. So in other words, my money is being delayed for a month when I have bills and cards to pay. Such a delay can ruin the credit score I've been working on since last Christmas because they want to play with their rules, completely ignoring the customer and their issues. 

Additionally, I have a refund transaction from XXXX coming in that I do not know I'll get because the bank said I won't be able to receive any payments. I'm so confused and disappointed in my money being delayed. 

Ideally, I'd like for the funds to be transferred to another bank account, or even my credit card account I have with Chase ( which wasn't restricted ) Please help me, I'm a student with already a lot of debt, working a minimum wage job. To keep my money from me is a crime and XXXX doesn't care.",0
9243408,conflicting_answers,Does the consumer say different company employees gave them conflicting information?,"I woke up this morning, XX/XX/year>, with an email saying my two XXXX checking accounts will be closed for "" potential fraud '', but I've done nothing but buy crypto using XXXX. 

I contacted customer service 2 times, and spoke with XXXX different representatives and they didn't tell me why I was restricted and said that my accounts would be closed in around 7-10 business days. 

My problem is that not only can I not access the cash I have, but I also get direct deposits from my job there ( one coming tomorrow ). I was told I wouldn't be able to access it until they send me a cashier 's check, which I was told would take 2 weeks AFTER the account closes. So in other words, my money is being delayed for a month when I have bills and cards to pay. Such a delay can ruin the credit score I've been working on since last Christmas because they want to play with their rules, completely ignoring the customer and their issues. 

Additionally, I have a refund transaction from XXXX coming in that I do not know I'll get because the bank said I won't be able to receive any payments. I'm so confused and disappointed in my money being delayed. 

Ideally, I'd like for the funds to be transferred to another bank account, or even my credit card account I have with Chase ( which wasn't restricted ) Please help me, I'm a student with already a lot of debt, working a minimum wage job. To keep my money from me is a crime and XXXX doesn't care.",0
9243408,reason_withheld,Does the consumer say the company refused to tell them the reason for its decision?,"I woke up this morning, XX/XX/year>, with an email saying my two XXXX checking accounts will be closed for "" potential fraud '', but I've done nothing but buy crypto using XXXX. 

I contacted customer service 2 times, and spoke with XXXX different representatives and they didn't tell me why I was restricted and said that my accounts would be closed in around 7-10 business days. 

My problem is that not only can I not access the cash I have, but I also get direct deposits from my job there ( one coming tomorrow ). I was told I wouldn't be able to access it until they send me a cashier 's check, which I was told would take 2 weeks AFTER the account closes. So in other words, my money is being delayed for a month when I have bills and cards to pay. Such a delay can ruin the credit score I've been working on since last Christmas because they want to play with their rules, completely ignoring the customer and their issues. 

Additionally, I have a refund transaction from XXXX coming in that I do not know I'll get because the bank said I won't be able to receive any payments. I'm so confused and disappointed in my money being delayed. 

Ideally, I'd like for the funds to be transferred to another bank account, or even my credit card account I have with Chase ( which wasn't restricted ) Please help me, I'm a student with already a lot of debt, working a minimum wage job. To keep my money from me is a crime and XXXX doesn't care.",1
9243408,wants_money_back,Does the consumer ask to get money back from the company?,"I woke up this morning, XX/XX/year>, with an email saying my two XXXX checking accounts will be closed for "" potential fraud '', but I've done nothing but buy crypto using XXXX. 

I contacted customer service 2 times, and spoke with XXXX different representatives and they didn't tell me why I was restricted and said that my accounts would be closed in around 7-10 business days. 

My problem is that not only can I not access the cash I have, but I also get direct deposits from my job there ( one coming tomorrow ). I was told I wouldn't be able to access it until they send me a cashier 's check, which I was told would take 2 weeks AFTER the account closes. So in other words, my money is being delayed for a month when I have bills and cards to pay. Such a delay can ruin the credit score I've been working on since last Christmas because they want to play with their rules, completely ignoring the customer and their issues. 

Additionally, I have a refund transaction from XXXX coming in that I do not know I'll get because the bank said I won't be able to receive any payments. I'm so confused and disappointed in my money being delayed. 

Ideally, I'd like for the funds to be transferred to another bank account, or even my credit card account I have with Chase ( which wasn't restricted ) Please help me, I'm a student with already a lot of debt, working a minimum wage job. To keep my money from me is a crime and XXXX doesn't care.",1
9243408,companies_blame_each_other,Does the consumer say two companies are each telling them that the other one is responsible?,"I woke up this morning, XX/XX/year>, with an email saying my two XXXX checking accounts will be closed for "" potential fraud '', but I've done nothing but buy crypto using XXXX. 

I contacted customer service 2 times, and spoke with XXXX different representatives and they didn't tell me why I was restricted and said that my accounts would be closed in around 7-10 business days. 

My problem is that not only can I not access the cash I have, but I also get direct deposits from my job there ( one coming tomorrow ). I was told I wouldn't be able to access it until they send me a cashier 's check, which I was told would take 2 weeks AFTER the account closes. So in other words, my money is being delayed for a month when I have bills and cards to pay. Such a delay can ruin the credit score I've been working on since last Christmas because they want to play with their rules, completely ignoring the customer and their issues. 

Additionally, I have a refund transaction from XXXX coming in that I do not know I'll get because the bank said I won't be able to receive any payments. I'm so confused and disappointed in my money being delayed. 

Ideally, I'd like for the funds to be transferred to another bank account, or even my credit card account I have with Chase ( which wasn't restricted ) Please help me, I'm a student with already a lot of debt, working a minimum wage job. To keep my money from me is a crime and XXXX doesn't care.",0
9876717,employee_admitted_error,Does the consumer say a company employee admitted that the company made a mistake?,"Commencing on or around XX/XX/year>, I fell victim to multi-layered scam operations run by Scammers which involved me making deposits for a total amount of XXXX XXXX  from my XXXX account to fraudulent investment firm ( XXXX ). 
When determining whats reasonable and fair, we should focus on the issue of liability ; common queries include, but are not limited to, the following ( i ) whether XXXX did not take notice of any rule, law, or regulation, and/or possibly missed any material elements of the relevant bylaws or codes of conduct, that may have prevented them from protecting my financial safety ; ( ii ) whether by virtue of XXXX XXXX over my funds or by its control over them, they owed a fiduciary duty to the me and if so, whether that duty was breached ; ( iii ) whether XXXX promoted the transaction ( s ) in question despite being aware of the nature of the transaction ( XXXX ) in question ( iv ) whether XXXX  was in compliance with its own policies and procedures ; ( v ) whether XXXX  owed duties to myself, what the scope of those duties was, and whether XXXX  not uphold those duties ; ( vi ) whether XXXX conduct was unfair ; and ( XXXX ) whether XXXX  has within its power the ability to, and should, compensate me for the harm that has befallen me. 

Upon identification of such unusual or suspicious activity, it is crucial that the relevant staff member adequately describe the factors making an activity or transaction suspicious, thoroughly depict the extent and nature of this activity, and properly communicate to the customer that such activity meets the relevant criteria of fraud. 
In providing its services to a customer, a financial institution is required by law to exercise the care and skill of a diligent, prudent banker. 

In this case, this means that the payment service provider should not turn a blind eye to known facts pointing to a real possibility that their customer is being scammed. In other words, XXXX must have had special knowledge of what was occurring or been alerted to a real possibility of fraud taking place. The financial institution must have known or reasonably ought to have known that I was dealing with a scammer. 

Granted, there is room for diversity of view insofar as reasonableness is concerned. Indeed, there is a sense in which the standard of care of the reasonable person involves in its application a subjective element. 

However, it must be remembered that the correct test is always reasonable care in all circumstances, not average care. The fact that most people behave in a certain way may be good evidence that the conduct is reasonable, but this is not necessarily the case. Although reasonableness is a very fluid concept, all of the evidence suggests that XXXX did not foresee the fraud and disregarded even the most obvious dangers in this respect. Situations do tend to repeat themselves and it is advisable to examine previous outcomes to see how the standard of the reasonable person should be applied, and that lessons can be learned from the errors of the past. 

Apropos of the fluidity of the concept of reasonableness, all XXXX has done in this regard is set up a dichotomy of having or not having the legal obligation under consideration, however, that does not go one-inch toward explaining why various regulatory authorities, has maintained that financial institutions can, and should, protect consumers using their systems, advanced technologies, and rich experience. 

XXXX is obliged to take some action if it is sufficiently aware of a real possibility that a fraud XXXX be being perpetuated. If you don't question its customers instructions or raise the possibility of a scam with the customer in these circumstances, it may be liable if the red flags indicate the customer is : particularly vulnerable, or if the possibility of fraud was serious or real, not just suspected. 

There are some recommendations to organizations for protecting customers from financial harm that might occur as a result of fraud or financial abuse ; and gives guidance on how to recognize customers who might be at risk, how to assess the potential risks to the individual and how to take the necessary actions to prevent or minimize financial harm.",0
9876717,conflicting_answers,Does the consumer say different company employees gave them conflicting information?,"Commencing on or around XX/XX/year>, I fell victim to multi-layered scam operations run by Scammers which involved me making deposits for a total amount of XXXX XXXX  from my XXXX account to fraudulent investment firm ( XXXX ). 
When determining whats reasonable and fair, we should focus on the issue of liability ; common queries include, but are not limited to, the following ( i ) whether XXXX did not take notice of any rule, law, or regulation, and/or possibly missed any material elements of the relevant bylaws or codes of conduct, that may have prevented them from protecting my financial safety ; ( ii ) whether by virtue of XXXX XXXX over my funds or by its control over them, they owed a fiduciary duty to the me and if so, whether that duty was breached ; ( iii ) whether XXXX promoted the transaction ( s ) in question despite being aware of the nature of the transaction ( XXXX ) in question ( iv ) whether XXXX  was in compliance with its own policies and procedures ; ( v ) whether XXXX  owed duties to myself, what the scope of those duties was, and whether XXXX  not uphold those duties ; ( vi ) whether XXXX conduct was unfair ; and ( XXXX ) whether XXXX  has within its power the ability to, and should, compensate me for the harm that has befallen me. 

Upon identification of such unusual or suspicious activity, it is crucial that the relevant staff member adequately describe the factors making an activity or transaction suspicious, thoroughly depict the extent and nature of this activity, and properly communicate to the customer that such activity meets the relevant criteria of fraud. 
In providing its services to a customer, a financial institution is required by law to exercise the care and skill of a diligent, prudent banker. 

In this case, this means that the payment service provider should not turn a blind eye to known facts pointing to a real possibility that their customer is being scammed. In other words, XXXX must have had special knowledge of what was occurring or been alerted to a real possibility of fraud taking place. The financial institution must have known or reasonably ought to have known that I was dealing with a scammer. 

Granted, there is room for diversity of view insofar as reasonableness is concerned. Indeed, there is a sense in which the standard of care of the reasonable person involves in its application a subjective element. 

However, it must be remembered that the correct test is always reasonable care in all circumstances, not average care. The fact that most people behave in a certain way may be good evidence that the conduct is reasonable, but this is not necessarily the case. Although reasonableness is a very fluid concept, all of the evidence suggests that XXXX did not foresee the fraud and disregarded even the most obvious dangers in this respect. Situations do tend to repeat themselves and it is advisable to examine previous outcomes to see how the standard of the reasonable person should be applied, and that lessons can be learned from the errors of the past. 

Apropos of the fluidity of the concept of reasonableness, all XXXX has done in this regard is set up a dichotomy of having or not having the legal obligation under consideration, however, that does not go one-inch toward explaining why various regulatory authorities, has maintained that financial institutions can, and should, protect consumers using their systems, advanced technologies, and rich experience. 

XXXX is obliged to take some action if it is sufficiently aware of a real possibility that a fraud XXXX be being perpetuated. If you don't question its customers instructions or raise the possibility of a scam with the customer in these circumstances, it may be liable if the red flags indicate the customer is : particularly vulnerable, or if the possibility of fraud was serious or real, not just suspected. 

There are some recommendations to organizations for protecting customers from financial harm that might occur as a result of fraud or financial abuse ; and gives guidance on how to recognize customers who might be at risk, how to assess the potential risks to the individual and how to take the necessary actions to prevent or minimize financial harm.",0
9876717,reason_withheld,Does the consumer say the company refused to tell them the reason for its decision?,"Commencing on or around XX/XX/year>, I fell victim to multi-layered scam operations run by Scammers which involved me making deposits for a total amount of XXXX XXXX  from my XXXX account to fraudulent investment firm ( XXXX ). 
When determining whats reasonable and fair, we should focus on the issue of liability ; common queries include, but are not limited to, the following ( i ) whether XXXX did not take notice of any rule, law, or regulation, and/or possibly missed any material elements of the relevant bylaws or codes of conduct, that may have prevented them from protecting my financial safety ; ( ii ) whether by virtue of XXXX XXXX over my funds or by its control over them, they owed a fiduciary duty to the me and if so, whether that duty was breached ; ( iii ) whether XXXX promoted the transaction ( s ) in question despite being aware of the nature of the transaction ( XXXX ) in question ( iv ) whether XXXX  was in compliance with its own policies and procedures ; ( v ) whether XXXX  owed duties to myself, what the scope of those duties was, and whether XXXX  not uphold those duties ; ( vi ) whether XXXX conduct was unfair ; and ( XXXX ) whether XXXX  has within its power the ability to, and should, compensate me for the harm that has befallen me. 

Upon identification of such unusual or suspicious activity, it is crucial that the relevant staff member adequately describe the factors making an activity or transaction suspicious, thoroughly depict the extent and nature of this activity, and properly communicate to the customer that such activity meets the relevant criteria of fraud. 
In providing its services to a customer, a financial institution is required by law to exercise the care and skill of a diligent, prudent banker. 

In this case, this means that the payment service provider should not turn a blind eye to known facts pointing to a real possibility that their customer is being scammed. In other words, XXXX must have had special knowledge of what was occurring or been alerted to a real possibility of fraud taking place. The financial institution must have known or reasonably ought to have known that I was dealing with a scammer. 

Granted, there is room for diversity of view insofar as reasonableness is concerned. Indeed, there is a sense in which the standard of care of the reasonable person involves in its application a subjective element. 

However, it must be remembered that the correct test is always reasonable care in all circumstances, not average care. The fact that most people behave in a certain way may be good evidence that the conduct is reasonable, but this is not necessarily the case. Although reasonableness is a very fluid concept, all of the evidence suggests that XXXX did not foresee the fraud and disregarded even the most obvious dangers in this respect. Situations do tend to repeat themselves and it is advisable to examine previous outcomes to see how the standard of the reasonable person should be applied, and that lessons can be learned from the errors of the past. 

Apropos of the fluidity of the concept of reasonableness, all XXXX has done in this regard is set up a dichotomy of having or not having the legal obligation under consideration, however, that does not go one-inch toward explaining why various regulatory authorities, has maintained that financial institutions can, and should, protect consumers using their systems, advanced technologies, and rich experience. 

XXXX is obliged to take some action if it is sufficiently aware of a real possibility that a fraud XXXX be being perpetuated. If you don't question its customers instructions or raise the possibility of a scam with the customer in these circumstances, it may be liable if the red flags indicate the customer is : particularly vulnerable, or if the possibility of fraud was serious or real, not just suspected. 

There are some recommendations to organizations for protecting customers from financial harm that might occur as a result of fraud or financial abuse ; and gives guidance on how to recognize customers who might be at risk, how to assess the potential risks to the individual and how to take the necessary actions to prevent or minimize financial harm.",0
9876717,wants_money_back,Does the consumer ask to get money back from the company?,"Commencing on or around XX/XX/year>, I fell victim to multi-layered scam operations run by Scammers which involved me making deposits for a total amount of XXXX XXXX  from my XXXX account to fraudulent investment firm ( XXXX ). 
When determining whats reasonable and fair, we should focus on the issue of liability ; common queries include, but are not limited to, the following ( i ) whether XXXX did not take notice of any rule, law, or regulation, and/or possibly missed any material elements of the relevant bylaws or codes of conduct, that may have prevented them from protecting my financial safety ; ( ii ) whether by virtue of XXXX XXXX over my funds or by its control over them, they owed a fiduciary duty to the me and if so, whether that duty was breached ; ( iii ) whether XXXX promoted the transaction ( s ) in question despite being aware of the nature of the transaction ( XXXX ) in question ( iv ) whether XXXX  was in compliance with its own policies and procedures ; ( v ) whether XXXX  owed duties to myself, what the scope of those duties was, and whether XXXX  not uphold those duties ; ( vi ) whether XXXX conduct was unfair ; and ( XXXX ) whether XXXX  has within its power the ability to, and should, compensate me for the harm that has befallen me. 

Upon identification of such unusual or suspicious activity, it is crucial that the relevant staff member adequately describe the factors making an activity or transaction suspicious, thoroughly depict the extent and nature of this activity, and properly communicate to the customer that such activity meets the relevant criteria of fraud. 
In providing its services to a customer, a financial institution is required by law to exercise the care and skill of a diligent, prudent banker. 

In this case, this means that the payment service provider should not turn a blind eye to known facts pointing to a real possibility that their customer is being scammed. In other words, XXXX must have had special knowledge of what was occurring or been alerted to a real possibility of fraud taking place. The financial institution must have known or reasonably ought to have known that I was dealing with a scammer. 

Granted, there is room for diversity of view insofar as reasonableness is concerned. Indeed, there is a sense in which the standard of care of the reasonable person involves in its application a subjective element. 

However, it must be remembered that the correct test is always reasonable care in all circumstances, not average care. The fact that most people behave in a certain way may be good evidence that the conduct is reasonable, but this is not necessarily the case. Although reasonableness is a very fluid concept, all of the evidence suggests that XXXX did not foresee the fraud and disregarded even the most obvious dangers in this respect. Situations do tend to repeat themselves and it is advisable to examine previous outcomes to see how the standard of the reasonable person should be applied, and that lessons can be learned from the errors of the past. 

Apropos of the fluidity of the concept of reasonableness, all XXXX has done in this regard is set up a dichotomy of having or not having the legal obligation under consideration, however, that does not go one-inch toward explaining why various regulatory authorities, has maintained that financial institutions can, and should, protect consumers using their systems, advanced technologies, and rich experience. 

XXXX is obliged to take some action if it is sufficiently aware of a real possibility that a fraud XXXX be being perpetuated. If you don't question its customers instructions or raise the possibility of a scam with the customer in these circumstances, it may be liable if the red flags indicate the customer is : particularly vulnerable, or if the possibility of fraud was serious or real, not just suspected. 

There are some recommendations to organizations for protecting customers from financial harm that might occur as a result of fraud or financial abuse ; and gives guidance on how to recognize customers who might be at risk, how to assess the potential risks to the individual and how to take the necessary actions to prevent or minimize financial harm.",1
9876717,companies_blame_each_other,Does the consumer say two companies are each telling them that the other one is responsible?,"Commencing on or around XX/XX/year>, I fell victim to multi-layered scam operations run by Scammers which involved me making deposits for a total amount of XXXX XXXX  from my XXXX account to fraudulent investment firm ( XXXX ). 
When determining whats reasonable and fair, we should focus on the issue of liability ; common queries include, but are not limited to, the following ( i ) whether XXXX did not take notice of any rule, law, or regulation, and/or possibly missed any material elements of the relevant bylaws or codes of conduct, that may have prevented them from protecting my financial safety ; ( ii ) whether by virtue of XXXX XXXX over my funds or by its control over them, they owed a fiduciary duty to the me and if so, whether that duty was breached ; ( iii ) whether XXXX promoted the transaction ( s ) in question despite being aware of the nature of the transaction ( XXXX ) in question ( iv ) whether XXXX  was in compliance with its own policies and procedures ; ( v ) whether XXXX  owed duties to myself, what the scope of those duties was, and whether XXXX  not uphold those duties ; ( vi ) whether XXXX conduct was unfair ; and ( XXXX ) whether XXXX  has within its power the ability to, and should, compensate me for the harm that has befallen me. 

Upon identification of such unusual or suspicious activity, it is crucial that the relevant staff member adequately describe the factors making an activity or transaction suspicious, thoroughly depict the extent and nature of this activity, and properly communicate to the customer that such activity meets the relevant criteria of fraud. 
In providing its services to a customer, a financial institution is required by law to exercise the care and skill of a diligent, prudent banker. 

In this case, this means that the payment service provider should not turn a blind eye to known facts pointing to a real possibility that their customer is being scammed. In other words, XXXX must have had special knowledge of what was occurring or been alerted to a real possibility of fraud taking place. The financial institution must have known or reasonably ought to have known that I was dealing with a scammer. 

Granted, there is room for diversity of view insofar as reasonableness is concerned. Indeed, there is a sense in which the standard of care of the reasonable person involves in its application a subjective element. 

However, it must be remembered that the correct test is always reasonable care in all circumstances, not average care. The fact that most people behave in a certain way may be good evidence that the conduct is reasonable, but this is not necessarily the case. Although reasonableness is a very fluid concept, all of the evidence suggests that XXXX did not foresee the fraud and disregarded even the most obvious dangers in this respect. Situations do tend to repeat themselves and it is advisable to examine previous outcomes to see how the standard of the reasonable person should be applied, and that lessons can be learned from the errors of the past. 

Apropos of the fluidity of the concept of reasonableness, all XXXX has done in this regard is set up a dichotomy of having or not having the legal obligation under consideration, however, that does not go one-inch toward explaining why various regulatory authorities, has maintained that financial institutions can, and should, protect consumers using their systems, advanced technologies, and rich experience. 

XXXX is obliged to take some action if it is sufficiently aware of a real possibility that a fraud XXXX be being perpetuated. If you don't question its customers instructions or raise the possibility of a scam with the customer in these circumstances, it may be liable if the red flags indicate the customer is : particularly vulnerable, or if the possibility of fraud was serious or real, not just suspected. 

There are some recommendations to organizations for protecting customers from financial harm that might occur as a result of fraud or financial abuse ; and gives guidance on how to recognize customers who might be at risk, how to assess the potential risks to the individual and how to take the necessary actions to prevent or minimize financial harm.",0
10073688,employee_admitted_error,Does the consumer say a company employee admitted that the company made a mistake?,"I accepted a 30 day trial of a service that I did not use. I attempted to cancel the service before the trial period ended. The were no instructions, buttons, paths, banners or visual queues to end the service. I emailed the support service, but never received a response. My account was charged for a full membership of XXXX {$100.00}. I again attempted to locate a path to close my account and request a refund. No such path was available to me. I emailed the customer service, never received a response. I contacted Paypal for to request a refund by filling a dispute. Less than 10 days later I received notice that my dispute claim was denied. There is no information regarding the investigation or how the merchant was contacted.",0
10073688,conflicting_answers,Does the consumer say different company employees gave them conflicting information?,"I accepted a 30 day trial of a service that I did not use. I attempted to cancel the service before the trial period ended. The were no instructions, buttons, paths, banners or visual queues to end the service. I emailed the support service, but never received a response. My account was charged for a full membership of XXXX {$100.00}. I again attempted to locate a path to close my account and request a refund. No such path was available to me. I emailed the customer service, never received a response. I contacted Paypal for to request a refund by filling a dispute. Less than 10 days later I received notice that my dispute claim was denied. There is no information regarding the investigation or how the merchant was contacted.",0
10073688,reason_withheld,Does the consumer say the company refused to tell them the reason for its decision?,"I accepted a 30 day trial of a service that I did not use. I attempted to cancel the service before the trial period ended. The were no instructions, buttons, paths, banners or visual queues to end the service. I emailed the support service, but never received a response. My account was charged for a full membership of XXXX {$100.00}. I again attempted to locate a path to close my account and request a refund. No such path was available to me. I emailed the customer service, never received a response. I contacted Paypal for to request a refund by filling a dispute. Less than 10 days later I received notice that my dispute claim was denied. There is no information regarding the investigation or how the merchant was contacted.",0
10073688,wants_money_back,Does the consumer ask to get money back from the company?,"I accepted a 30 day trial of a service that I did not use. I attempted to cancel the service before the trial period ended. The were no instructions, buttons, paths, banners or visual queues to end the service. I emailed the support service, but never received a response. My account was charged for a full membership of XXXX {$100.00}. I again attempted to locate a path to close my account and request a refund. No such path was available to me. I emailed the customer service, never received a response. I contacted Paypal for to request a refund by filling a dispute. Less than 10 days later I received notice that my dispute claim was denied. There is no information regarding the investigation or how the merchant was contacted.",1
10073688,companies_blame_each_other,Does the consumer say two companies are each telling them that the other one is responsible?,"I accepted a 30 day trial of a service that I did not use. I attempted to cancel the service before the trial period ended. The were no instructions, buttons, paths, banners or visual queues to end the service. I emailed the support service, but never received a response. My account was charged for a full membership of XXXX {$100.00}. I again attempted to locate a path to close my account and request a refund. No such path was available to me. I emailed the customer service, never received a response. I contacted Paypal for to request a refund by filling a dispute. Less than 10 days later I received notice that my dispute claim was denied. There is no information regarding the investigation or how the merchant was contacted.",0
11553965,employee_admitted_error,Does the consumer say a company employee admitted that the company made a mistake?,"I am writing to formally express my concerns regarding Zelle 's handling of disputes, particularly in light of the recent CFPB lawsuit highlighting significant issues with the platform. Despite using Zelle numerous times and reporting discrepancies, my financial institution and Zelle failed to investigate my claims adequately. They informed me that recovering lost funds was impossible and that tracking these transactions was unfeasible. The CFPB 's findings indicate that Zelle has not only neglected to protect consumers but has also allowed repeat offenders to exploit the system, leaving users vulnerable to scams. This lack of accountability and transparency is unacceptable and raises serious concerns about consumer safety.",0
11553965,conflicting_answers,Does the consumer say different company employees gave them conflicting information?,"I am writing to formally express my concerns regarding Zelle 's handling of disputes, particularly in light of the recent CFPB lawsuit highlighting significant issues with the platform. Despite using Zelle numerous times and reporting discrepancies, my financial institution and Zelle failed to investigate my claims adequately. They informed me that recovering lost funds was impossible and that tracking these transactions was unfeasible. The CFPB 's findings indicate that Zelle has not only neglected to protect consumers but has also allowed repeat offenders to exploit the system, leaving users vulnerable to scams. This lack of accountability and transparency is unacceptable and raises serious concerns about consumer safety.",0
11553965,reason_withheld,Does the consumer say the company refused to tell them the reason for its decision?,"I am writing to formally express my concerns regarding Zelle 's handling of disputes, particularly in light of the recent CFPB lawsuit highlighting significant issues with the platform. Despite using Zelle numerous times and reporting discrepancies, my financial institution and Zelle failed to investigate my claims adequately. They informed me that recovering lost funds was impossible and that tracking these transactions was unfeasible. The CFPB 's findings indicate that Zelle has not only neglected to protect consumers but has also allowed repeat offenders to exploit the system, leaving users vulnerable to scams. This lack of accountability and transparency is unacceptable and raises serious concerns about consumer safety.",0
11553965,wants_money_back,Does the consumer ask to get money back from the company?,"I am writing to formally express my concerns regarding Zelle 's handling of disputes, particularly in light of the recent CFPB lawsuit highlighting significant issues with the platform. Despite using Zelle numerous times and reporting discrepancies, my financial institution and Zelle failed to investigate my claims adequately. They informed me that recovering lost funds was impossible and that tracking these transactions was unfeasible. The CFPB 's findings indicate that Zelle has not only neglected to protect consumers but has also allowed repeat offenders to exploit the system, leaving users vulnerable to scams. This lack of accountability and transparency is unacceptable and raises serious concerns about consumer safety.",0
11553965,companies_blame_each_other,Does the consumer say two companies are each telling them that the other one is responsible?,"I am writing to formally express my concerns regarding Zelle 's handling of disputes, particularly in light of the recent CFPB lawsuit highlighting significant issues with the platform. Despite using Zelle numerous times and reporting discrepancies, my financial institution and Zelle failed to investigate my claims adequately. They informed me that recovering lost funds was impossible and that tracking these transactions was unfeasible. The CFPB 's findings indicate that Zelle has not only neglected to protect consumers but has also allowed repeat offenders to exploit the system, leaving users vulnerable to scams. This lack of accountability and transparency is unacceptable and raises serious concerns about consumer safety.",0
11667179,employee_admitted_error,Does the consumer say a company employee admitted that the company made a mistake?,"My direct deposit is not in my bank. Today is my payday. There was an estimated time of arrival of this morning for the issue to be fixed. This had been going on since Tuesday ( XXXX  days ago ) Do they not have redundancy, do they not have reserves or insurance to pay us? How can I b be left without a paycheck?",0
11667179,conflicting_answers,Does the consumer say different company employees gave them conflicting information?,"My direct deposit is not in my bank. Today is my payday. There was an estimated time of arrival of this morning for the issue to be fixed. This had been going on since Tuesday ( XXXX  days ago ) Do they not have redundancy, do they not have reserves or insurance to pay us? How can I b be left without a paycheck?",0
11667179,reason_withheld,Does the consumer say the company refused to tell them the reason for its decision?,"My direct deposit is not in my bank. Today is my payday. There was an estimated time of arrival of this morning for the issue to be fixed. This had been going on since Tuesday ( XXXX  days ago ) Do they not have redundancy, do they not have reserves or insurance to pay us? How can I b be left without a paycheck?",0
11667179,wants_money_back,Does the consumer ask to get money back from the company?,"My direct deposit is not in my bank. Today is my payday. There was an estimated time of arrival of this morning for the issue to be fixed. This had been going on since Tuesday ( XXXX  days ago ) Do they not have redundancy, do they not have reserves or insurance to pay us? How can I b be left without a paycheck?",0
11667179,companies_blame_each_other,Does the consumer say two companies are each telling them that the other one is responsible?,"My direct deposit is not in my bank. Today is my payday. There was an estimated time of arrival of this morning for the issue to be fixed. This had been going on since Tuesday ( XXXX  days ago ) Do they not have redundancy, do they not have reserves or insurance to pay us? How can I b be left without a paycheck?",0
11641687,employee_admitted_error,Does the consumer say a company employee admitted that the company made a mistake?,Multiple of occasions where my hard earned money was sent to wrong person. whether the last number of the XXXX digits was wrong. Ive reached out to Zelle and even texted number to see if i can get money back every time it happen. Never been successful with my results. I even tried switching bank branches due to this problem just cause i thought it was my specific bank and how they went about giving me my money back,0
11641687,conflicting_answers,Does the consumer say different company employees gave them conflicting information?,Multiple of occasions where my hard earned money was sent to wrong person. whether the last number of the XXXX digits was wrong. Ive reached out to Zelle and even texted number to see if i can get money back every time it happen. Never been successful with my results. I even tried switching bank branches due to this problem just cause i thought it was my specific bank and how they went about giving me my money back,0
11641687,reason_withheld,Does the consumer say the company refused to tell them the reason for its decision?,Multiple of occasions where my hard earned money was sent to wrong person. whether the last number of the XXXX digits was wrong. Ive reached out to Zelle and even texted number to see if i can get money back every time it happen. Never been successful with my results. I even tried switching bank branches due to this problem just cause i thought it was my specific bank and how they went about giving me my money back,0
11641687,wants_money_back,Does the consumer ask to get money back from the company?,Multiple of occasions where my hard earned money was sent to wrong person. whether the last number of the XXXX digits was wrong. Ive reached out to Zelle and even texted number to see if i can get money back every time it happen. Never been successful with my results. I even tried switching bank branches due to this problem just cause i thought it was my specific bank and how they went about giving me my money back,1
11641687,companies_blame_each_other,Does the consumer say two companies are each telling them that the other one is responsible?,Multiple of occasions where my hard earned money was sent to wrong person. whether the last number of the XXXX digits was wrong. Ive reached out to Zelle and even texted number to see if i can get money back every time it happen. Never been successful with my results. I even tried switching bank branches due to this problem just cause i thought it was my specific bank and how they went about giving me my money back,0
11766386,employee_admitted_error,Does the consumer say a company employee admitted that the company made a mistake?,"I am writing to formally express my concerns regarding Zelle 's handling of disputes, particularly in light of the recent CFPB lawsuit highlighting significant issues with the platform. Despite using Zelle numerous times and reporting discrepancies, my financial institution and Zelle failed to investigate my claims adequately. They informed me that recovering lost funds was impossible and that tracking these transactions was unfeasible. The CFPB 's findings indicate that Zelle has not only neglected to protect consumers but has also allowed repeat offenders to exploit the system, leaving users vulnerable to scams. This lack of accountability and transparency is unacceptable and raises serious concerns about consumer safety.",0
11766386,conflicting_answers,Does the consumer say different company employees gave them conflicting information?,"I am writing to formally express my concerns regarding Zelle 's handling of disputes, particularly in light of the recent CFPB lawsuit highlighting significant issues with the platform. Despite using Zelle numerous times and reporting discrepancies, my financial institution and Zelle failed to investigate my claims adequately. They informed me that recovering lost funds was impossible and that tracking these transactions was unfeasible. The CFPB 's findings indicate that Zelle has not only neglected to protect consumers but has also allowed repeat offenders to exploit the system, leaving users vulnerable to scams. This lack of accountability and transparency is unacceptable and raises serious concerns about consumer safety.",0
11766386,reason_withheld,Does the consumer say the company refused to tell them the reason for its decision?,"I am writing to formally express my concerns regarding Zelle 's handling of disputes, particularly in light of the recent CFPB lawsuit highlighting significant issues with the platform. Despite using Zelle numerous times and reporting discrepancies, my financial institution and Zelle failed to investigate my claims adequately. They informed me that recovering lost funds was impossible and that tracking these transactions was unfeasible. The CFPB 's findings indicate that Zelle has not only neglected to protect consumers but has also allowed repeat offenders to exploit the system, leaving users vulnerable to scams. This lack of accountability and transparency is unacceptable and raises serious concerns about consumer safety.",0
11766386,wants_money_back,Does the consumer ask to get money back from the company?,"I am writing to formally express my concerns regarding Zelle 's handling of disputes, particularly in light of the recent CFPB lawsuit highlighting significant issues with the platform. Despite using Zelle numerous times and reporting discrepancies, my financial institution and Zelle failed to investigate my claims adequately. They informed me that recovering lost funds was impossible and that tracking these transactions was unfeasible. The CFPB 's findings indicate that Zelle has not only neglected to protect consumers but has also allowed repeat offenders to exploit the system, leaving users vulnerable to scams. This lack of accountability and transparency is unacceptable and raises serious concerns about consumer safety.",0
11766386,companies_blame_each_other,Does the consumer say two companies are each telling them that the other one is responsible?,"I am writing to formally express my concerns regarding Zelle 's handling of disputes, particularly in light of the recent CFPB lawsuit highlighting significant issues with the platform. Despite using Zelle numerous times and reporting discrepancies, my financial institution and Zelle failed to investigate my claims adequately. They informed me that recovering lost funds was impossible and that tracking these transactions was unfeasible. The CFPB 's findings indicate that Zelle has not only neglected to protect consumers but has also allowed repeat offenders to exploit the system, leaving users vulnerable to scams. This lack of accountability and transparency is unacceptable and raises serious concerns about consumer safety.",0
11737692,employee_admitted_error,Does the consumer say a company employee admitted that the company made a mistake?,"I am writing to file a complaint against Navy Federal Credit Union regarding multiple overdraft fees I have incurred. Despite having sufficient funds when transactions were authorized, was charged fees due to lagged posting of charges and credits. This issue aligns with the recent CFPB findings against Navy Federal for similar practices, where transactions settled with insufficient balances despite initially available funds. I believe these practices are unfair and request an investigation into my account transactions.",0
11737692,conflicting_answers,Does the consumer say different company employees gave them conflicting information?,"I am writing to file a complaint against Navy Federal Credit Union regarding multiple overdraft fees I have incurred. Despite having sufficient funds when transactions were authorized, was charged fees due to lagged posting of charges and credits. This issue aligns with the recent CFPB findings against Navy Federal for similar practices, where transactions settled with insufficient balances despite initially available funds. I believe these practices are unfair and request an investigation into my account transactions.",0
11737692,reason_withheld,Does the consumer say the company refused to tell them the reason for its decision?,"I am writing to file a complaint against Navy Federal Credit Union regarding multiple overdraft fees I have incurred. Despite having sufficient funds when transactions were authorized, was charged fees due to lagged posting of charges and credits. This issue aligns with the recent CFPB findings against Navy Federal for similar practices, where transactions settled with insufficient balances despite initially available funds. I believe these practices are unfair and request an investigation into my account transactions.",0
11737692,wants_money_back,Does the consumer ask to get money back from the company?,"I am writing to file a complaint against Navy Federal Credit Union regarding multiple overdraft fees I have incurred. Despite having sufficient funds when transactions were authorized, was charged fees due to lagged posting of charges and credits. This issue aligns with the recent CFPB findings against Navy Federal for similar practices, where transactions settled with insufficient balances despite initially available funds. I believe these practices are unfair and request an investigation into my account transactions.",0
11737692,companies_blame_each_other,Does the consumer say two companies are each telling them that the other one is responsible?,"I am writing to file a complaint against Navy Federal Credit Union regarding multiple overdraft fees I have incurred. Despite having sufficient funds when transactions were authorized, was charged fees due to lagged posting of charges and credits. This issue aligns with the recent CFPB findings against Navy Federal for similar practices, where transactions settled with insufficient balances despite initially available funds. I believe these practices are unfair and request an investigation into my account transactions.",0
12131327,employee_admitted_error,Does the consumer say a company employee admitted that the company made a mistake?,Amex serve debit account failed to honor there banking agreement after my money was stolen I have filed arbitration with the XXXX XXXX XXXX and they have not paid there portion of fees or respond in any way they have breached both the arbitration agreement as well as the user agreement,0
12131327,conflicting_answers,Does the consumer say different company employees gave them conflicting information?,Amex serve debit account failed to honor there banking agreement after my money was stolen I have filed arbitration with the XXXX XXXX XXXX and they have not paid there portion of fees or respond in any way they have breached both the arbitration agreement as well as the user agreement,0
12131327,reason_withheld,Does the consumer say the company refused to tell them the reason for its decision?,Amex serve debit account failed to honor there banking agreement after my money was stolen I have filed arbitration with the XXXX XXXX XXXX and they have not paid there portion of fees or respond in any way they have breached both the arbitration agreement as well as the user agreement,0
12131327,wants_money_back,Does the consumer ask to get money back from the company?,Amex serve debit account failed to honor there banking agreement after my money was stolen I have filed arbitration with the XXXX XXXX XXXX and they have not paid there portion of fees or respond in any way they have breached both the arbitration agreement as well as the user agreement,0
12131327,companies_blame_each_other,Does the consumer say two companies are each telling them that the other one is responsible?,Amex serve debit account failed to honor there banking agreement after my money was stolen I have filed arbitration with the XXXX XXXX XXXX and they have not paid there portion of fees or respond in any way they have breached both the arbitration agreement as well as the user agreement,0
